MSSubClass,LotArea,Utilities,OverallCond,RoofMatl,Foundation,CentralAir,GrLivArea,KitchenAbvGr,TotRmsAbvGrd,GarageType,GarageArea,PavedDrive,SalePrice,Age
60,8450,AllPub,5,CompShg,PConc,Y,1710,1,8,Attchd,548,Y,208500,5
20,9600,AllPub,8,CompShg,CBlock,Y,1262,1,6,Attchd,460,Y,181500,31
60,11250,AllPub,5,CompShg,PConc,Y,1786,1,6,Attchd,608,Y,223500,7
70,9550,AllPub,5,CompShg,BrkTil,Y,1717,1,7,Detchd,642,Y,140000,91
60,14260,AllPub,5,CompShg,PConc,Y,2198,1,9,Attchd,836,Y,250000,8
50,14115,AllPub,5,CompShg,Wood,Y,1362,1,5,Attchd,480,Y,143000,16
20,10084,AllPub,5,CompShg,PConc,Y,1694,1,7,Attchd,636,Y,307000,3
60,10382,AllPub,6,CompShg,CBlock,Y,2090,1,7,Attchd,484,Y,200000,36
50,6120,AllPub,5,CompShg,BrkTil,Y,1774,2,8,Detchd,468,Y,129900,77
190,7420,AllPub,6,CompShg,BrkTil,Y,1077,2,5,Attchd,205,Y,118000,69
20,11200,AllPub,5,CompShg,CBlock,Y,1040,1,5,Detchd,384,Y,129500,43
60,11924,AllPub,5,CompShg,PConc,Y,2324,1,11,BuiltIn,736,Y,345000,1
20,12968,AllPub,6,CompShg,CBlock,Y,912,1,4,Detchd,352,Y,144000,46
20,10652,AllPub,5,CompShg,PConc,Y,1494,1,7,Attchd,840,Y,279500,1
20,10920,AllPub,5,CompShg,CBlock,Y,1253,1,5,Attchd,352,Y,157000,48
45,6120,AllPub,8,CompShg,BrkTil,Y,854,1,5,Detchd,576,Y,132000,78
20,11241,AllPub,7,CompShg,CBlock,Y,1004,1,5,Attchd,480,Y,149000,40
90,10791,AllPub,5,CompShg,Slab,Y,1296,2,6,CarPort,516,Y,90000,39
20,13695,AllPub,5,CompShg,PConc,Y,1114,1,6,Detchd,576,Y,159000,4
20,7560,AllPub,6,CompShg,CBlock,Y,1339,1,6,Attchd,294,Y,139000,51
60,14215,AllPub,5,CompShg,PConc,Y,2376,1,9,BuiltIn,853,Y,325300,1
45,7449,AllPub,7,CompShg,PConc,Y,1108,1,6,Attchd,280,N,139400,77
20,9742,AllPub,5,CompShg,PConc,Y,1795,1,7,Attchd,534,Y,230000,6
120,4224,AllPub,7,CompShg,PConc,Y,1060,1,6,Attchd,572,Y,129900,31
20,8246,AllPub,8,CompShg,CBlock,Y,1060,1,6,Attchd,270,Y,154000,42
20,14230,AllPub,5,CompShg,PConc,Y,1600,1,7,Attchd,890,Y,256300,2
20,7200,AllPub,7,CompShg,CBlock,Y,900,1,5,Detchd,576,Y,134800,59
20,11478,AllPub,5,CompShg,PConc,Y,1704,1,7,Attchd,772,Y,306000,3
20,16321,AllPub,6,CompShg,CBlock,Y,1600,1,6,Attchd,319,Y,207500,49
30,6324,AllPub,6,CompShg,BrkTil,N,520,1,4,Detchd,240,Y,68500,81
70,8500,AllPub,4,CompShg,BrkTil,N,1317,1,6,Detchd,250,N,40000,88
20,8544,AllPub,6,CompShg,CBlock,Y,1228,1,6,Attchd,271,Y,149350,42
20,11049,AllPub,5,CompShg,PConc,Y,1234,1,7,Attchd,484,Y,179900,1
20,10552,AllPub,5,CompShg,CBlock,Y,1700,1,6,Attchd,447,Y,165500,51
120,7313,AllPub,5,CompShg,PConc,Y,1561,1,6,Attchd,556,Y,277500,2
60,13418,AllPub,5,CompShg,PConc,Y,2452,1,9,BuiltIn,691,Y,309000,2
20,10859,AllPub,5,CompShg,PConc,Y,1097,1,6,Attchd,672,Y,145000,15
20,8532,AllPub,6,CompShg,CBlock,Y,1297,1,5,Attchd,498,Y,153000,55
20,7922,AllPub,7,CompShg,CBlock,Y,1057,1,5,Detchd,246,Y,109000,57
90,6040,AllPub,5,CompShg,PConc,N,1152,2,6,,0,N,82000,53
20,8658,AllPub,5,CompShg,CBlock,Y,1324,1,6,Attchd,440,Y,160000,41
20,16905,AllPub,6,CompShg,CBlock,Y,1328,1,5,Attchd,308,P,170000,48
85,9180,AllPub,7,CompShg,CBlock,Y,884,1,5,Attchd,504,Y,144000,24
20,9200,AllPub,6,CompShg,CBlock,Y,938,1,5,Detchd,308,Y,130250,33
20,7945,AllPub,6,CompShg,CBlock,Y,1150,1,6,Attchd,300,Y,141000,47
120,7658,AllPub,5,CompShg,PConc,Y,1752,1,6,Attchd,576,Y,319900,5
50,12822,AllPub,5,CompShg,PConc,Y,2149,1,6,Attchd,670,Y,239686,6
20,11096,AllPub,5,CompShg,PConc,Y,1656,1,7,Attchd,826,Y,249700,1
190,4456,AllPub,5,CompShg,BrkTil,Y,1452,3,8,,0,N,113000,89
20,7742,AllPub,7,CompShg,CBlock,Y,955,1,6,Attchd,386,Y,127000,41
60,13869,AllPub,6,CompShg,PConc,Y,1470,1,6,Attchd,388,Y,177000,10
50,6240,AllPub,6,CompShg,PConc,Y,1176,1,6,Detchd,528,Y,114500,72
90,8472,AllPub,5,CompShg,CBlock,N,816,1,5,CarPort,516,Y,110000,47
20,50271,AllPub,5,WdShngl,CBlock,Y,1842,1,5,Attchd,894,Y,385000,25
80,7134,AllPub,5,CompShg,CBlock,Y,1360,1,6,Detchd,572,Y,130000,52
20,10175,AllPub,5,CompShg,CBlock,Y,1425,1,7,Attchd,576,Y,180500,44
160,2645,AllPub,5,CompShg,PConc,Y,1739,1,7,Attchd,480,Y,172500,10
60,11645,AllPub,5,CompShg,PConc,Y,1720,1,7,Attchd,565,Y,196500,2
60,13682,AllPub,5,CompShg,PConc,Y,2945,1,10,BuiltIn,641,Y,438780,0
20,7200,AllPub,7,CompShg,CBlock,Y,780,1,4,Detchd,352,Y,124900,36
20,13072,AllPub,5,CompShg,PConc,Y,1158,1,5,Detchd,576,Y,158000,2
75,7200,AllPub,7,CompShg,BrkTil,N,1111,1,6,Detchd,288,N,101000,87
120,6442,AllPub,5,CompShg,PConc,Y,1370,1,6,Attchd,484,Y,202500,1
70,10300,AllPub,6,CompShg,BrkTil,Y,1710,1,9,Detchd,480,Y,140000,89
60,9375,AllPub,5,CompShg,PConc,Y,2034,1,8,Attchd,645,Y,219500,12
60,9591,AllPub,5,CompShg,PConc,Y,2473,1,9,BuiltIn,852,Y,317000,3
20,19900,AllPub,5,CompShg,CBlock,Y,2207,1,7,Attchd,576,Y,180000,40
20,10665,AllPub,5,CompShg,PConc,Y,1479,1,7,Attchd,558,Y,226000,4
30,4608,AllPub,6,CompShg,CBlock,Y,747,1,4,Attchd,220,Y,80000,65
50,15593,AllPub,4,CompShg,CBlock,Y,2287,1,7,Attchd,667,Y,225000,53
20,13651,AllPub,6,CompShg,CBlock,Y,2223,1,8,Attchd,516,Y,244000,34
20,7599,AllPub,6,CompShg,CBlock,Y,845,1,4,Detchd,360,Y,129500,25
60,10141,AllPub,5,CompShg,PConc,Y,1718,1,7,Attchd,427,Y,185000,11
20,10200,AllPub,7,CompShg,CBlock,Y,1086,1,6,Attchd,490,Y,144900,56
50,5790,AllPub,6,CompShg,CBlock,N,1605,2,8,Detchd,379,Y,107400,95
180,1596,AllPub,5,CompShg,CBlock,Y,988,1,5,BuiltIn,297,Y,91000,36
20,8475,AllPub,7,CompShg,CBlock,Y,952,1,4,Detchd,283,Y,135750,52
50,8635,AllPub,5,CompShg,CBlock,Y,1285,1,6,Detchd,240,Y,127000,60
90,10778,AllPub,5,CompShg,CBlock,N,1768,2,8,,0,Y,136500,42
50,10440,AllPub,6,CompShg,PConc,Y,1230,1,5,Detchd,440,Y,110000,99
60,13000,AllPub,6,CompShg,CBlock,Y,2142,1,8,Attchd,509,Y,193500,41
120,4500,AllPub,5,CompShg,PConc,Y,1337,1,5,Attchd,405,Y,153500,8
20,10206,AllPub,5,CompShg,PConc,Y,1563,1,6,Attchd,758,Y,245000,1
20,8892,AllPub,5,CompShg,CBlock,Y,1065,1,6,Detchd,461,Y,126500,47
80,8530,AllPub,5,CompShg,PConc,Y,1474,1,7,BuiltIn,400,Y,168500,14
60,16059,AllPub,5,CompShg,CBlock,Y,2417,1,9,Attchd,462,Y,260000,15
60,11911,AllPub,5,CompShg,PConc,Y,1560,1,6,BuiltIn,400,Y,174000,4
160,3951,AllPub,5,CompShg,PConc,Y,1224,1,4,Detchd,528,Y,164500,0
50,8470,AllPub,2,CompShg,CBlock,N,1526,1,6,,0,N,85000,94
20,8070,AllPub,5,CompShg,PConc,Y,990,1,5,,0,Y,123600,13
20,7200,AllPub,5,CompShg,Slab,Y,1040,1,4,Detchd,420,Y,109900,56
20,8500,AllPub,3,CompShg,CBlock,Y,1235,1,6,Attchd,480,Y,98600,45
30,13360,AllPub,7,CompShg,BrkTil,Y,964,1,5,Detchd,432,Y,163500,88
190,7200,AllPub,6,CompShg,BrkTil,N,2291,2,9,Detchd,506,Y,133900,97
60,9337,AllPub,5,CompShg,PConc,Y,1786,1,7,Attchd,684,Y,204750,10
60,9765,AllPub,8,CompShg,PConc,Y,1470,1,6,BuiltIn,420,Y,185000,16
20,10264,AllPub,5,CompShg,PConc,Y,1588,1,6,Attchd,472,Y,214000,7
20,10921,AllPub,5,CompShg,CBlock,Y,960,1,6,Attchd,432,P,94750,42
30,10625,AllPub,5,CompShg,BrkTil,N,835,1,5,Basment,366,Y,83000,90
20,9320,AllPub,5,CompShg,CBlock,Y,1225,1,6,,0,Y,128950,51
20,10603,AllPub,7,CompShg,PConc,Y,1610,1,6,Attchd,480,Y,205000,33
60,9206,AllPub,5,CompShg,CBlock,Y,1732,1,7,Attchd,476,Y,178000,25
90,7018,AllPub,5,CompShg,Slab,Y,1535,2,8,Attchd,410,Y,118964,30
20,10402,AllPub,5,CompShg,PConc,Y,1226,1,6,Attchd,740,Y,198900,1
50,7758,AllPub,4,CompShg,PConc,Y,1818,1,7,Detchd,240,Y,169500,76
60,9375,AllPub,5,CompShg,PConc,Y,1992,1,9,Attchd,648,Y,250000,5
30,10800,AllPub,7,CompShg,BrkTil,Y,1047,1,6,Detchd,273,N,100000,122
20,6000,AllPub,5,CompShg,CBlock,Y,789,1,5,Detchd,250,Y,115000,60
50,8500,AllPub,7,CompShg,CBlock,N,1517,1,7,,0,N,115000,88
20,11751,AllPub,6,CompShg,CBlock,Y,1844,1,7,Attchd,546,Y,190000,33
50,9525,AllPub,4,CompShg,CBlock,Y,1855,1,7,Attchd,325,Y,136900,52
80,7750,AllPub,5,CompShg,PConc,Y,1430,1,7,BuiltIn,400,Y,180000,10
60,9965,AllPub,5,CompShg,PConc,Y,2696,1,10,BuiltIn,792,Y,383970,0
20,21000,AllPub,5,CompShg,CBlock,Y,2259,1,7,Basment,450,Y,217000,54
70,7259,AllPub,8,CompShg,CBlock,Y,2320,1,9,Detchd,180,Y,259500,62
160,3230,AllPub,5,CompShg,PConc,Y,1458,1,5,Detchd,440,Y,176000,8
20,11616,AllPub,5,CompShg,CBlock,Y,1092,1,6,Attchd,288,Y,139000,47
20,8536,AllPub,5,CompShg,PConc,Y,1125,1,5,Attchd,430,Y,155000,1
60,12376,AllPub,5,CompShg,PConc,Y,3222,1,11,Attchd,594,Y,320000,20
60,8461,AllPub,5,CompShg,PConc,Y,1456,1,8,Attchd,390,Y,163990,1
80,21453,AllPub,5,Metal,CBlock,Y,988,1,4,Attchd,540,Y,180000,37
50,6060,AllPub,5,CompShg,PConc,Y,1123,1,4,Detchd,264,P,100000,68
20,9464,AllPub,7,CompShg,CBlock,Y,1080,1,5,Attchd,288,Y,136000,50
120,7892,AllPub,5,CompShg,PConc,Y,1199,1,5,Attchd,530,Y,153900,15
20,17043,AllPub,5,CompShg,CBlock,Y,1586,1,7,Attchd,435,Y,181000,30
190,6780,AllPub,8,CompShg,CBlock,N,754,1,5,,0,N,84500,71
120,4928,AllPub,5,CompShg,CBlock,Y,958,1,5,Attchd,440,Y,128000,31
45,4388,AllPub,7,CompShg,BrkTil,Y,840,1,5,,0,N,87000,77
60,7590,AllPub,5,CompShg,CBlock,Y,1348,1,6,Attchd,453,Y,155000,40
20,8973,AllPub,7,CompShg,CBlock,Y,1053,1,6,2Types,750,Y,150000,48
60,14200,AllPub,6,CompShg,CBlock,Y,2157,1,8,Attchd,487,Y,226000,40
60,12224,AllPub,5,CompShg,PConc,Y,2054,1,7,BuiltIn,390,Y,244000,9
20,7388,AllPub,6,CompShg,CBlock,Y,1327,1,7,Detchd,624,Y,150750,48
20,6853,AllPub,5,CompShg,PConc,Y,1296,1,6,Attchd,471,Y,220000,8
20,10335,AllPub,6,CompShg,CBlock,Y,1721,1,7,Attchd,440,Y,180000,38
20,10400,AllPub,6,CompShg,PConc,Y,1682,1,7,Attchd,530,Y,174000,38
20,10355,AllPub,5,CompShg,CBlock,Y,1214,1,5,Attchd,318,Y,143000,40
90,11070,AllPub,5,CompShg,CBlock,Y,1959,2,9,2Types,766,Y,171000,18
60,9066,AllPub,5,CompShg,PConc,Y,1852,1,7,Attchd,660,Y,230000,9
60,15426,AllPub,5,CompShg,PConc,Y,1764,1,7,Attchd,470,Y,231500,12
20,10500,AllPub,5,CompShg,CBlock,Y,864,1,5,,0,Y,115000,39
20,11645,AllPub,5,CompShg,PConc,Y,1734,1,7,Attchd,660,Y,260000,1
50,8520,AllPub,4,CompShg,CBlock,Y,1385,1,6,Detchd,720,Y,166000,58
20,10335,AllPub,5,CompShg,PConc,Y,1501,1,6,Attchd,577,Y,204000,10
90,9100,AllPub,5,CompShg,CBlock,Y,1728,2,10,Detchd,504,Y,125000,43
160,2522,AllPub,5,CompShg,PConc,Y,1709,1,7,Detchd,380,Y,130000,2
30,6120,AllPub,7,CompShg,BrkTil,Y,875,1,5,Detchd,180,Y,105000,78
60,9505,AllPub,5,CompShg,PConc,Y,2035,1,8,BuiltIn,434,Y,222500,9
20,7500,AllPub,5,CompShg,PConc,Y,1080,1,6,,0,Y,141000,4
50,6240,AllPub,4,CompShg,BrkTil,Y,1344,1,7,Detchd,240,Y,115000,70
20,10356,AllPub,6,CompShg,CBlock,Y,969,1,5,Attchd,440,Y,122000,32
20,13891,AllPub,5,CompShg,PConc,Y,1710,1,6,Attchd,866,Y,372402,1
60,14803,AllPub,5,CompShg,CBlock,Y,1993,1,8,Attchd,495,Y,190000,35
20,13500,AllPub,7,CompShg,CBlock,Y,1252,1,4,Attchd,564,Y,235000,48
30,11340,AllPub,5,CompShg,BrkTil,Y,1200,1,7,Detchd,312,Y,125000,83
50,9600,AllPub,5,CompShg,BrkTil,N,1096,1,5,,0,N,79000,84
20,7200,AllPub,7,CompShg,CBlock,Y,1040,1,5,Detchd,625,Y,109500,56
60,12003,AllPub,5,CompShg,PConc,Y,1968,1,8,BuiltIn,680,Y,269500,1
60,12552,AllPub,5,CompShg,PConc,Y,1947,1,8,Attchd,678,Y,254900,6
60,19378,AllPub,5,CompShg,PConc,Y,2462,1,9,Attchd,576,Y,320000,1
20,11120,AllPub,6,CompShg,PConc,Y,1232,1,6,Attchd,516,Y,162500,24
60,13688,AllPub,5,CompShg,PConc,Y,2668,1,10,BuiltIn,726,Y,412500,5
20,12182,AllPub,5,CompShg,PConc,Y,1541,1,7,Attchd,532,Y,220000,5
45,5500,AllPub,6,CompShg,CBlock,Y,882,1,4,,0,Y,103200,51
40,5400,AllPub,7,CompShg,BrkTil,Y,1616,1,5,Detchd,216,Y,152000,81
190,10106,AllPub,7,CompShg,BrkTil,Y,1355,2,6,,0,Y,127500,68
20,10708,AllPub,5,CompShg,CBlock,Y,1867,1,7,Attchd,303,Y,190000,54
60,10562,AllPub,5,CompShg,PConc,Y,2161,1,8,Attchd,789,Y,325624,0
60,8244,AllPub,5,CompShg,PConc,Y,1720,1,7,Attchd,440,Y,183500,3
20,16669,AllPub,6,WdShake,CBlock,Y,1707,1,6,Attchd,511,Y,228000,25
50,12358,AllPub,6,CompShg,CBlock,Y,1382,1,7,Detchd,660,Y,128500,66
20,31770,AllPub,5,CompShg,CBlock,Y,1656,1,7,Attchd,528,P,215000,50
160,5306,AllPub,7,CompShg,PConc,Y,1767,1,5,Attchd,504,Y,239000,19
20,10197,AllPub,5,CompShg,CBlock,Y,1362,1,6,Attchd,504,Y,163000,47
20,12416,AllPub,5,CompShg,CBlock,Y,1651,1,7,Attchd,616,Y,184000,22
20,12615,AllPub,7,CompShg,CBlock,Y,2158,1,7,Attchd,576,Y,243000,57
60,10029,AllPub,5,CompShg,PConc,Y,2060,1,8,Attchd,521,Y,211000,19
50,13650,AllPub,5,CompShg,CBlock,Y,1920,1,8,Attchd,451,Y,172500,48
20,17423,AllPub,5,CompShg,PConc,Y,2234,1,9,Attchd,1166,Y,501837,1
30,8520,AllPub,6,CompShg,CBlock,Y,968,1,5,Detchd,480,N,100000,84
160,2117,AllPub,5,CompShg,PConc,Y,1525,1,5,Detchd,440,Y,177000,7
70,7588,AllPub,6,CompShg,BrkTil,Y,1802,1,9,Detchd,216,Y,200100,86
20,9060,AllPub,6,CompShg,PConc,Y,1340,1,7,Attchd,252,Y,120000,50
50,11426,AllPub,5,CompShg,PConc,Y,2082,1,6,Detchd,484,N,200000,5
50,7438,AllPub,8,CompShg,PConc,Y,1252,1,5,Attchd,576,Y,127000,98
75,22950,AllPub,9,WdShngl,BrkTil,Y,3608,1,12,Detchd,840,Y,475000,114
80,9947,AllPub,5,CompShg,PConc,Y,1217,1,6,Attchd,497,Y,173000,19
50,10410,AllPub,7,CompShg,CBlock,Y,1656,1,8,Detchd,180,N,135000,93
90,7018,AllPub,5,CompShg,CBlock,Y,1224,2,6,Detchd,528,Y,153337,30
120,4923,AllPub,5,CompShg,PConc,Y,1593,1,5,Attchd,682,Y,286000,7
70,10570,AllPub,8,CompShg,CBlock,Y,2727,1,10,Detchd,440,Y,315000,75
60,7472,AllPub,9,CompShg,CBlock,Y,1479,1,7,Attchd,484,Y,184000,35
20,9017,AllPub,5,CompShg,PConc,Y,1431,1,6,Attchd,666,Y,192000,10
160,2522,AllPub,5,CompShg,PConc,Y,1709,1,7,Detchd,380,Y,130000,2
20,7180,AllPub,7,CompShg,CBlock,Y,864,1,5,Detchd,352,Y,127000,36
160,2280,AllPub,6,CompShg,CBlock,Y,1456,1,7,Attchd,440,Y,148500,33
20,9416,AllPub,5,CompShg,PConc,Y,1726,1,8,Attchd,786,Y,311872,0
75,25419,AllPub,4,CompShg,PConc,Y,3112,1,8,Detchd,795,Y,235000,88
75,5520,AllPub,6,CompShg,CBlock,Y,2229,1,8,,0,Y,104000,97
20,9591,AllPub,5,CompShg,PConc,Y,1713,1,7,Attchd,856,Y,274900,5
20,8546,AllPub,5,CompShg,PConc,Y,1121,1,5,Attchd,440,Y,140000,7
20,10125,AllPub,6,CompShg,CBlock,Y,1279,1,6,Detchd,473,Y,171500,31
50,7000,AllPub,6,CompShg,BrkTil,Y,1310,1,6,Attchd,398,Y,112000,82
120,4438,AllPub,5,CompShg,PConc,Y,848,1,3,Attchd,420,Y,149000,4
50,3500,AllPub,7,CompShg,CBlock,Y,1284,1,5,Detchd,240,Y,110000,62
20,11851,AllPub,5,CompShg,PConc,Y,1442,1,5,Attchd,500,Y,180500,19
20,13673,AllPub,5,CompShg,CBlock,Y,1696,1,8,Attchd,349,Y,143900,45
20,12493,AllPub,5,CompShg,PConc,Y,1100,1,6,Attchd,312,Y,141000,48
60,14364,AllPub,5,CompShg,CBlock,Y,2062,1,7,Attchd,454,Y,277000,19
20,8250,AllPub,7,CompShg,CBlock,Y,1092,1,6,Attchd,504,Y,145000,44
30,5604,AllPub,6,CompShg,CBlock,N,864,1,5,,0,Y,98000,83
20,10420,AllPub,5,CompShg,PConc,Y,1212,1,6,Attchd,460,Y,186000,1
60,8640,AllPub,5,CompShg,PConc,Y,1852,1,7,Attchd,644,Y,252678,0
20,13568,AllPub,5,CompShg,PConc,Y,990,1,5,Attchd,576,Y,156000,11
60,10900,AllPub,7,CompShg,CBlock,Y,1392,1,6,Attchd,299,Y,161750,33
20,10011,AllPub,6,CompShg,CBlock,Y,1236,1,6,Attchd,447,Y,134450,49
20,8450,AllPub,5,CompShg,PConc,Y,1436,1,8,Attchd,484,Y,210000,4
70,9906,AllPub,4,CompShg,CBlock,N,1328,1,8,Detchd,210,Y,107000,81
50,15660,AllPub,9,CompShg,CBlock,Y,1954,1,8,Attchd,431,Y,311500,69
120,3010,AllPub,5,CompShg,PConc,Y,1248,1,5,Attchd,438,Y,167240,1
20,8990,AllPub,5,CompShg,PConc,Y,1498,1,5,Attchd,675,Y,204900,0
60,8068,AllPub,5,CompShg,PConc,Y,2267,1,8,BuiltIn,390,Y,200000,7
60,11475,AllPub,6,CompShg,CBlock,Y,1552,1,6,Attchd,434,Y,179900,31
20,10500,AllPub,6,CompShg,CBlock,Y,864,1,4,Detchd,576,Y,97000,38
20,13472,AllPub,5,CompShg,PConc,Y,2392,1,8,Attchd,968,Y,386250,6
160,1680,AllPub,5,CompShg,CBlock,Y,1302,1,6,Detchd,280,Y,112000,38
60,9950,AllPub,5,CompShg,PConc,Y,2520,1,9,Attchd,721,Y,290000,12
160,1869,AllPub,6,CompShg,CBlock,Y,987,1,5,Detchd,280,Y,106000,38
20,8521,AllPub,5,CompShg,CBlock,Y,912,1,5,Detchd,336,Y,125000,43
120,3182,AllPub,5,CompShg,PConc,Y,1555,1,7,Attchd,430,Y,192500,4
20,8760,AllPub,6,CompShg,CBlock,Y,1194,1,6,Attchd,312,Y,148000,51
60,15138,AllPub,5,CompShg,PConc,Y,2794,1,9,Attchd,810,Y,403000,14
160,1680,AllPub,5,CompShg,CBlock,Y,987,1,5,Attchd,288,Y,94500,34
20,10650,AllPub,6,CompShg,CBlock,Y,894,1,5,Attchd,308,Y,128200,34
60,7851,AllPub,5,CompShg,PConc,Y,1960,1,8,BuiltIn,440,Y,216500,8
160,1680,AllPub,3,CompShg,CBlock,Y,987,1,5,Detchd,264,Y,89500,37
20,8773,AllPub,5,CompShg,PConc,Y,1414,1,6,Attchd,494,Y,185500,6
60,9453,AllPub,7,CompShg,PConc,Y,1744,1,7,Attchd,457,Y,194500,17
20,12030,AllPub,5,CompShg,PConc,Y,1694,1,7,Attchd,818,Y,318000,0
50,8741,AllPub,4,CompShg,CBlock,Y,1487,1,7,Detchd,220,Y,113000,65
20,9000,AllPub,5,CompShg,PConc,Y,1566,1,7,Attchd,750,Y,262500,2
30,3880,AllPub,9,CompShg,CBlock,Y,866,1,4,,0,Y,110500,62
50,5000,AllPub,4,CompShg,BrkTil,N,1440,1,6,Attchd,352,Y,79000,106
160,10762,AllPub,6,CompShg,CBlock,Y,1217,1,6,Attchd,288,Y,120000,29
60,8880,AllPub,5,CompShg,PConc,Y,2110,1,8,Attchd,463,Y,205000,16
20,10400,AllPub,5,CompShg,CBlock,Y,1872,1,6,Attchd,604,Y,241500,18
190,9142,AllPub,8,CompShg,Stone,N,1928,2,9,Detchd,440,Y,137000,96
20,11310,AllPub,5,CompShg,CBlock,Y,1375,1,5,Attchd,451,Y,140000,52
60,11317,AllPub,5,CompShg,PConc,Y,1668,1,8,Attchd,500,Y,180000,4
50,159000,AllPub,7,CompShg,CBlock,Y,2144,1,7,Attchd,389,Y,277000,49
30,5350,AllPub,2,CompShg,CBlock,Y,1306,1,6,,0,Y,76500,70
120,4750,AllPub,5,CompShg,PConc,Y,1625,1,5,Attchd,538,Y,235000,1
60,8366,AllPub,5,CompShg,PConc,Y,1640,1,6,Attchd,520,Y,173000,4
80,9350,AllPub,7,CompShg,CBlock,Y,1302,1,7,Attchd,309,Y,158000,43
20,8400,AllPub,6,CompShg,CBlock,Y,1314,1,5,Attchd,294,Y,145000,53
60,8738,AllPub,5,CompShg,PConc,Y,2291,1,8,BuiltIn,429,Y,230000,7
60,8791,AllPub,5,CompShg,PConc,Y,1728,1,7,Attchd,673,Y,207500,5
20,8814,AllPub,5,CompShg,PConc,Y,1604,1,8,Attchd,660,Y,220000,3
60,12435,AllPub,5,CompShg,PConc,Y,1792,1,7,Attchd,564,Y,231500,7
20,12702,AllPub,5,CompShg,PConc,Y,882,1,4,Detchd,308,Y,97000,52
80,19296,AllPub,5,CompShg,CBlock,Y,1382,1,6,Attchd,884,Y,176000,47
60,9588,AllPub,5,CompShg,PConc,Y,2574,1,10,BuiltIn,868,Y,276000,0
80,8471,AllPub,7,CompShg,CBlock,Y,1212,1,6,Attchd,492,Y,151000,29
50,5500,AllPub,7,CompShg,BrkTil,Y,1316,1,6,Detchd,484,Y,130000,81
30,5232,AllPub,5,CompShg,BrkTil,N,764,1,4,Detchd,504,N,73000,83
20,12090,AllPub,6,CompShg,CBlock,Y,1422,1,7,Attchd,576,Y,175500,27
60,11207,AllPub,5,CompShg,PConc,Y,1511,1,8,Attchd,413,Y,185000,9
75,8400,AllPub,8,CompShg,PConc,Y,2192,1,8,Detchd,240,Y,179500,69
30,6900,AllPub,6,CompShg,CBlock,Y,778,1,4,Detchd,924,Y,120500,68
20,7917,AllPub,7,CompShg,CBlock,Y,1113,1,6,Attchd,504,Y,148000,31
60,10728,AllPub,5,CompShg,PConc,Y,1939,1,8,Attchd,1053,Y,266000,0
20,39104,AllPub,7,Membran,CBlock,Y,1363,1,5,Attchd,439,Y,241500,54
60,11764,AllPub,7,CompShg,PConc,Y,2270,1,9,Attchd,671,Y,290000,11
20,9600,AllPub,6,CompShg,CBlock,Y,1632,1,6,Attchd,338,Y,139000,51
20,8314,AllPub,7,CompShg,CBlock,Y,816,1,5,Attchd,264,Y,124500,25
50,7264,AllPub,7,CompShg,BrkTil,N,1548,1,5,Detchd,672,Y,205000,84
20,9196,AllPub,5,CompShg,PConc,Y,1560,1,7,Attchd,573,Y,201000,7
20,19138,AllPub,5,CompShg,CBlock,Y,864,1,4,Detchd,400,Y,141000,59
20,14450,AllPub,5,CompShg,PConc,Y,2121,1,8,Attchd,732,Y,415298,1
60,10005,AllPub,5,CompShg,CBlock,Y,2022,1,8,Attchd,505,Y,192000,31
60,11287,AllPub,6,CompShg,CBlock,Y,1982,1,7,Attchd,575,Y,228500,18
20,7200,AllPub,5,CompShg,PConc,Y,1262,1,5,Attchd,572,Y,185000,0
120,5063,AllPub,5,CompShg,PConc,Y,1314,1,6,Attchd,626,Y,207500,2
20,9612,AllPub,5,CompShg,PConc,Y,1468,1,6,Attchd,898,Y,244600,1
120,8012,AllPub,5,CompShg,PConc,Y,1575,1,5,Attchd,529,Y,179200,15
160,4251,AllPub,5,CompShg,PConc,Y,1250,1,5,Detchd,528,Y,164700,1
50,9786,AllPub,7,CompShg,CBlock,Y,1734,1,7,Attchd,440,Y,159000,44
20,8125,AllPub,4,CompShg,CBlock,Y,858,1,5,,0,Y,88000,35
20,9819,AllPub,5,CompShg,CBlock,Y,900,1,5,Detchd,280,Y,122000,43
70,8730,AllPub,7,CompShg,BrkTil,Y,1396,1,7,Detchd,384,Y,153575,92
60,15611,AllPub,5,CompShg,PConc,Y,1919,1,8,Attchd,685,Y,233230,0
190,5687,AllPub,6,CompShg,PConc,N,1716,1,9,,0,N,135900,96
50,11409,AllPub,4,CompShg,CBlock,Y,1716,1,8,Attchd,281,Y,131000,60
60,16659,AllPub,7,CompShg,CBlock,Y,2263,1,9,Attchd,539,Y,235000,29
20,9600,AllPub,5,CompShg,CBlock,Y,1644,1,7,Attchd,418,Y,167000,56
80,7937,AllPub,6,CompShg,CBlock,Y,1003,1,6,Detchd,588,Y,142500,22
50,13710,AllPub,5,CompShg,CBlock,Y,1558,1,6,Attchd,282,Y,152000,57
60,7399,AllPub,5,CompShg,PConc,Y,1950,1,7,Detchd,576,Y,239000,10
60,11700,AllPub,6,CompShg,CBlock,Y,1743,1,7,Attchd,539,Y,175000,39
20,14000,AllPub,8,CompShg,CBlock,Y,1152,1,6,Attchd,300,Y,158500,59
190,15750,AllPub,5,CompShg,CBlock,Y,1336,1,5,Attchd,375,Y,157000,53
60,16226,AllPub,5,CompShg,PConc,Y,2452,1,9,BuiltIn,683,Y,267000,9
20,13704,AllPub,5,CompShg,PConc,Y,1541,1,6,Attchd,843,Y,205000,5
20,9800,AllPub,7,CompShg,PConc,Y,894,1,5,Attchd,552,Y,149900,34
75,18386,AllPub,9,CompShg,BrkTil,Y,3493,1,10,Attchd,870,Y,295000,128
20,10386,AllPub,5,CompShg,PConc,Y,2000,1,8,Attchd,888,Y,305900,3
60,13474,AllPub,5,CompShg,CBlock,Y,2243,1,8,Attchd,746,Y,225000,17
50,7920,AllPub,7,CompShg,CBlock,Y,1406,1,6,,0,N,89500,88
30,12342,AllPub,5,CompShg,CBlock,Y,861,1,4,Detchd,539,Y,82500,69
20,12378,AllPub,5,CompShg,PConc,Y,1944,1,8,Attchd,708,Y,360000,3
60,7685,AllPub,5,CompShg,PConc,Y,1501,1,6,Attchd,420,Y,165600,13
20,8000,AllPub,6,CompShg,CBlock,Y,972,1,5,Detchd,240,Y,132000,61
190,7800,AllPub,7,CompShg,CBlock,Y,1118,1,5,Detchd,410,Y,119900,67
20,215245,AllPub,5,CompShg,CBlock,Y,2036,1,8,Attchd,513,Y,375000,44
70,9600,AllPub,7,CompShg,BrkTil,Y,1641,1,6,Detchd,546,Y,178000,81
60,7795,AllPub,5,CompShg,PConc,Y,1432,1,6,Attchd,432,Y,188500,5
60,13005,AllPub,7,CompShg,CBlock,Y,2353,1,10,Attchd,484,Y,260000,29
60,9000,AllPub,5,CompShg,PConc,Y,1959,1,8,Attchd,1025,Y,270000,1
60,9900,AllPub,5,CompShg,PConc,Y,2646,1,9,Attchd,656,Y,260000,16
80,14115,AllPub,5,CompShg,CBlock,Y,1472,1,6,Attchd,588,Y,187500,29
60,16259,AllPub,5,CompShg,PConc,Y,2596,1,9,Attchd,840,Y,342643,0
60,12099,AllPub,5,CompShg,PConc,Y,2468,1,10,BuiltIn,872,Y,354000,3
60,10380,AllPub,5,CompShg,CBlock,Y,2730,1,8,Attchd,576,Y,301000,21
20,5820,AllPub,8,CompShg,CBlock,Y,1163,1,6,Attchd,220,Y,126175,51
80,11275,AllPub,7,WdShake,CBlock,Y,2978,1,11,BuiltIn,564,Y,242000,43
45,5000,AllPub,6,CompShg,CBlock,N,803,1,5,Detchd,360,Y,87000,66
120,10846,AllPub,5,CompShg,PConc,Y,1719,1,6,Attchd,473,Y,324000,15
20,11600,AllPub,5,CompShg,CBlock,Y,1383,1,7,Attchd,292,Y,145250,46
75,11888,AllPub,6,CompShg,BrkTil,N,2134,1,10,Detchd,441,Y,214500,93
70,6402,AllPub,5,CompShg,PConc,N,1192,1,6,Detchd,189,N,78000,89
90,10624,AllPub,4,CompShg,CBlock,Y,1728,2,10,Detchd,352,Y,119000,43
20,8176,AllPub,6,CompShg,CBlock,Y,1056,1,6,Attchd,308,Y,139000,49
20,10655,AllPub,5,CompShg,PConc,Y,1629,1,7,Attchd,880,Y,284000,6
120,8198,AllPub,5,CompShg,PConc,Y,1358,1,6,Attchd,484,Y,207000,4
60,9042,AllPub,5,CompShg,PConc,Y,1638,1,7,Attchd,472,Y,192000,10
190,164660,AllPub,6,CompShg,CBlock,Y,1786,1,7,Attchd,529,Y,228950,43
20,14157,AllPub,5,CompShg,PConc,Y,1922,1,8,Attchd,676,Y,377426,2
20,9135,AllPub,5,CompShg,PConc,Y,1536,1,7,Attchd,532,Y,214000,6
20,14145,AllPub,7,CompShg,CBlock,Y,1621,1,8,Attchd,440,Y,202500,22
20,12400,AllPub,7,CompShg,CBlock,Y,1215,1,6,Attchd,297,Y,155000,51
60,14191,AllPub,5,CompShg,PConc,Y,1908,1,9,Attchd,431,Y,202900,8
20,8400,AllPub,4,CompShg,CBlock,Y,841,1,4,CarPort,294,N,82000,59
90,8544,AllPub,4,CompShg,Slab,N,1040,2,6,Detchd,400,Y,87500,57
120,8849,AllPub,5,CompShg,PConc,Y,1684,1,6,Attchd,564,Y,266000,3
160,2592,AllPub,3,CompShg,CBlock,Y,1112,1,4,Attchd,336,Y,85000,34
50,6435,AllPub,5,CompShg,BrkTil,Y,1577,1,6,Detchd,312,Y,140200,67
20,12772,AllPub,8,CompShg,CBlock,Y,958,1,5,Attchd,301,Y,151500,47
20,17600,AllPub,5,CompShg,CBlock,Y,1478,1,6,Attchd,498,Y,157500,49
160,2448,AllPub,5,CompShg,PConc,Y,1626,1,6,BuiltIn,474,Y,154000,5
60,20431,AllPub,5,CompShg,PConc,Y,2728,1,10,Attchd,706,Y,437154,1
120,7820,AllPub,5,CompShg,PConc,Y,1869,1,6,Attchd,617,Y,318061,0
120,5271,AllPub,5,CompShg,PConc,Y,1453,1,6,Attchd,445,Y,190000,20
50,9084,AllPub,6,CompShg,CBlock,N,1111,1,5,Detchd,200,Y,95000,67
30,8520,AllPub,8,CompShg,BrkTil,Y,720,1,5,Detchd,484,Y,105900,82
50,8400,AllPub,5,CompShg,CBlock,Y,1595,1,6,Attchd,240,Y,140000,66
20,11249,AllPub,5,CompShg,PConc,Y,1200,1,6,Attchd,521,Y,177500,12
20,9248,AllPub,6,CompShg,PConc,Y,1167,1,6,Attchd,400,Y,173000,17
120,4224,AllPub,5,CompShg,PConc,Y,1142,1,6,Attchd,528,Y,134000,31
80,6930,AllPub,4,CompShg,CBlock,Y,1352,1,6,BuiltIn,288,Y,130000,48
60,12011,AllPub,5,CompShg,PConc,Y,1924,1,7,Attchd,592,Y,280000,8
85,7540,AllPub,6,CompShg,CBlock,Y,912,1,5,Attchd,470,Y,156000,29
50,9144,AllPub,5,CompShg,CBlock,Y,1505,1,8,Detchd,240,N,145000,68
85,7301,AllPub,5,CompShg,Slab,Y,1922,1,7,BuiltIn,672,Y,198500,6
160,1680,AllPub,8,CompShg,CBlock,Y,987,1,5,Detchd,264,Y,118000,37
60,18800,AllPub,5,CompShg,PConc,Y,1574,1,6,Attchd,566,Y,190000,30
70,10690,AllPub,7,CompShg,CBlock,Y,1344,1,6,Detchd,468,Y,147000,89
20,9500,AllPub,5,CompShg,CBlock,Y,1394,1,6,Attchd,514,Y,159000,46
80,9150,AllPub,5,Tar&Grv,CBlock,Y,1431,1,6,Basment,296,Y,165000,46
20,7800,AllPub,6,CompShg,PConc,Y,1268,1,7,Attchd,244,Y,132000,56
20,9830,AllPub,7,CompShg,CBlock,Y,1287,1,7,Detchd,576,Y,162000,51
60,8121,AllPub,5,CompShg,PConc,Y,1664,1,7,Attchd,460,Y,172400,6
50,17120,AllPub,4,CompShg,CBlock,Y,1588,1,7,Detchd,680,N,134432,49
120,7175,AllPub,5,CompShg,CBlock,Y,752,1,4,Attchd,264,Y,125000,26
20,10634,AllPub,6,CompShg,PConc,Y,1319,1,5,Attchd,270,Y,123000,56
60,8200,AllPub,5,CompShg,PConc,Y,1928,1,8,BuiltIn,434,Y,219500,4
30,10020,AllPub,1,CompShg,BrkTil,N,904,1,4,,0,Y,61000,87
85,8846,AllPub,5,CompShg,PConc,Y,914,1,5,Detchd,576,Y,148000,10
60,11143,AllPub,5,CompShg,PConc,Y,2466,1,8,Attchd,610,Y,340000,3
20,11394,AllPub,2,CompShg,PConc,Y,1856,1,8,Attchd,834,Y,394432,0
60,8123,AllPub,5,CompShg,PConc,Y,1800,1,7,Attchd,463,Y,179000,9
50,5000,AllPub,6,CompShg,BrkTil,Y,1691,1,6,Detchd,308,Y,127000,86
20,7200,AllPub,5,CompShg,PConc,Y,1301,1,5,Attchd,572,Y,187750,0
60,9245,AllPub,5,CompShg,PConc,Y,1797,1,8,Attchd,639,Y,213500,1
45,9000,AllPub,3,CompShg,BrkTil,N,784,1,5,Detchd,360,N,76000,81
60,53107,AllPub,5,CompShg,PConc,Y,1953,1,9,Attchd,501,Y,240000,15
120,3182,AllPub,5,CompShg,PConc,Y,1269,1,6,Attchd,430,Y,192000,6
50,8410,AllPub,3,CompShg,PConc,Y,1184,1,8,,0,N,81000,96
80,7200,AllPub,6,CompShg,CBlock,Y,1125,1,6,Detchd,352,Y,125000,33
20,9382,AllPub,5,CompShg,PConc,Y,1479,1,6,Attchd,577,Y,191000,9
60,12474,AllPub,5,CompShg,PConc,Y,2332,1,9,BuiltIn,846,Y,426000,1
50,8405,AllPub,8,CompShg,BrkTil,Y,1367,1,7,Detchd,384,Y,119000,108
60,12209,AllPub,5,CompShg,PConc,Y,1961,1,7,BuiltIn,560,Y,215000,8
20,8339,AllPub,7,CompShg,Slab,Y,882,1,5,Attchd,294,Y,106500,48
30,7446,AllPub,5,CompShg,CBlock,Y,788,1,4,,0,Y,100000,65
50,10134,AllPub,6,CompShg,CBlock,Y,1034,1,5,Detchd,240,Y,109000,67
20,9571,AllPub,6,CompShg,CBlock,Y,1144,1,6,Attchd,596,Y,129000,54
20,7200,AllPub,5,CompShg,CBlock,Y,894,1,6,Detchd,600,Y,123000,37
60,7590,AllPub,5,CompShg,CBlock,Y,1812,1,8,Attchd,264,Y,169500,45
30,8967,AllPub,2,CompShg,BrkTil,Y,1077,1,6,Detchd,338,N,67000,87
60,8125,AllPub,5,CompShg,PConc,Y,1550,1,7,Attchd,438,Y,241000,3
120,14963,AllPub,5,CompShg,PConc,Y,1288,1,4,Attchd,500,Y,245500,12
20,8767,AllPub,5,CompShg,PConc,Y,1310,1,6,Attchd,400,Y,164990,1
30,10200,AllPub,8,CompShg,PConc,Y,672,1,4,Detchd,240,N,108000,68
60,12090,AllPub,5,CompShg,PConc,Y,2263,1,10,BuiltIn,420,Y,258000,8
60,10364,AllPub,5,CompShg,PConc,Y,1572,1,7,BuiltIn,373,Y,168000,12
20,9991,AllPub,4,CompShg,CBlock,Y,1620,1,8,Attchd,490,Y,150000,33
50,10480,AllPub,5,CompShg,BrkTil,Y,1639,1,6,Detchd,240,Y,115000,72
70,15576,AllPub,7,CompShg,BrkTil,Y,1680,1,8,Attchd,308,Y,177000,93
60,14154,AllPub,5,CompShg,PConc,Y,2172,1,9,Attchd,947,Y,280000,1
60,10800,AllPub,5,CompShg,PConc,Y,2078,1,8,Attchd,836,Y,339750,1
20,9571,AllPub,3,CompShg,CBlock,Y,1276,1,5,Attchd,350,Y,60000,51
190,34650,AllPub,5,CompShg,CBlock,N,1056,1,5,Attchd,572,Y,145000,51
20,4403,AllPub,5,CompShg,PConc,Y,1478,1,7,Attchd,484,Y,222000,1
30,8960,AllPub,6,CompShg,CBlock,Y,1028,1,5,Detchd,360,Y,115000,83
60,11228,AllPub,5,CompShg,PConc,Y,2097,1,9,Attchd,678,Y,228000,15
20,8899,AllPub,5,CompShg,PConc,Y,1340,1,6,Attchd,396,Y,181134,0
60,7844,AllPub,7,CompShg,CBlock,Y,1400,1,6,Attchd,440,Y,149500,28
70,22420,AllPub,6,CompShg,BrkTil,N,2624,1,10,Detchd,864,N,239000,89
50,8160,AllPub,6,CompShg,BrkTil,N,1134,1,7,Detchd,240,P,126000,67
20,8450,AllPub,6,CompShg,CBlock,Y,1056,1,6,Attchd,304,Y,142000,42
90,7060,AllPub,5,CompShg,PConc,Y,1344,2,8,Attchd,784,Y,206300,11
20,16635,AllPub,7,CompShg,CBlock,Y,1602,1,8,Attchd,529,Y,215000,32
20,21750,AllPub,5,CompShg,CBlock,Y,988,1,4,Attchd,520,N,113000,54
60,9200,AllPub,5,CompShg,PConc,Y,2630,1,8,Attchd,696,Y,315000,10
20,9000,AllPub,5,CompShg,CBlock,Y,1196,1,6,Attchd,297,Y,139000,52
60,3378,AllPub,8,CompShg,CBlock,Y,1389,1,6,Detchd,240,P,135000,63
80,12800,AllPub,5,CompShg,PConc,Y,1644,1,5,Attchd,569,Y,275000,20
20,8593,AllPub,6,CompShg,CBlock,Y,907,1,5,Detchd,352,Y,109008,51
20,6762,AllPub,5,CompShg,PConc,Y,1208,1,6,Attchd,628,Y,195400,0
20,11457,AllPub,5,CompShg,CBlock,Y,1412,1,6,Attchd,576,Y,175000,21
160,1680,AllPub,5,CompShg,CBlock,Y,987,1,4,Detchd,264,Y,85400,37
50,5586,AllPub,7,CompShg,BrkTil,Y,1198,1,7,,0,N,79900,88
160,1920,AllPub,5,CompShg,CBlock,Y,1365,1,6,Detchd,440,Y,122500,36
60,10839,AllPub,5,CompShg,PConc,Y,1604,1,7,Attchd,470,Y,181000,11
180,1890,AllPub,7,CompShg,CBlock,Y,630,1,3,,0,Y,81000,36
60,10667,AllPub,6,CompShg,PConc,Y,1661,1,6,Attchd,550,Y,212000,13
50,4400,AllPub,8,CompShg,BrkTil,Y,1118,1,6,Detchd,440,Y,116000,86
45,6000,AllPub,7,CompShg,PConc,Y,904,1,4,Detchd,180,Y,119000,83
30,4280,AllPub,6,CompShg,PConc,N,694,1,4,Detchd,352,P,90350,94
50,12354,AllPub,8,CompShg,BrkTil,Y,1196,1,7,Detchd,528,Y,110000,89
20,15431,AllPub,5,CompShg,PConc,Y,2402,1,10,Attchd,672,Y,555000,1
90,12108,AllPub,4,CompShg,CBlock,N,1440,2,8,,0,Y,118000,53
50,6240,AllPub,7,CompShg,PConc,Y,1573,1,8,Detchd,360,P,162900,78
120,3922,AllPub,5,CompShg,PConc,Y,1258,1,6,Attchd,648,Y,172500,1
60,8750,AllPub,5,CompShg,PConc,Y,1908,1,8,Attchd,493,Y,210000,14
20,9855,AllPub,5,CompShg,CBlock,Y,1689,1,7,Attchd,480,Y,127500,53
20,16492,AllPub,6,CompShg,CBlock,Y,1888,1,6,Attchd,578,Y,190000,44
60,11214,AllPub,5,CompShg,PConc,Y,1886,1,10,Attchd,431,Y,199900,8
50,8600,AllPub,6,CompShg,BrkTil,Y,1376,1,7,Detchd,198,N,119500,69
50,6000,AllPub,7,CompShg,CBlock,Y,1183,1,6,Detchd,308,Y,120000,59
30,5684,AllPub,8,CompShg,BrkTil,Y,813,1,5,Detchd,270,N,110000,76
20,70761,AllPub,5,WdShngl,CBlock,Y,1533,1,5,Attchd,576,Y,280000,31
60,9303,AllPub,5,CompShg,PConc,Y,1756,1,7,Attchd,422,Y,204000,11
60,9000,AllPub,5,CompShg,PConc,Y,1590,1,6,Attchd,676,Y,210000,1
90,9297,AllPub,5,CompShg,CBlock,Y,1728,2,8,Detchd,560,Y,188000,30
20,9600,AllPub,6,CompShg,CBlock,Y,1242,1,6,Attchd,528,Y,175500,34
70,4571,AllPub,5,CompShg,BrkTil,N,1344,1,7,Detchd,513,Y,98000,92
20,53227,AllPub,6,Tar&Grv,CBlock,Y,1663,1,6,Attchd,529,Y,256000,54
70,5100,AllPub,7,CompShg,PConc,Y,1666,1,7,Detchd,228,Y,161000,83
50,7015,AllPub,4,CompShg,CBlock,Y,1203,1,5,Detchd,352,Y,110000,59
60,8004,AllPub,5,CompShg,PConc,Y,1935,1,8,BuiltIn,552,Y,263435,0
70,7200,AllPub,9,CompShg,PConc,Y,1135,1,6,Detchd,576,Y,155000,73
20,8281,AllPub,5,CompShg,CBlock,Y,864,1,5,Detchd,360,Y,62383,44
70,11988,AllPub,7,CompShg,CBlock,Y,1660,1,6,Detchd,240,Y,188700,74
20,8430,AllPub,5,CompShg,CBlock,Y,1040,1,5,,0,Y,124000,31
120,3072,AllPub,5,CompShg,PConc,Y,1414,1,6,Attchd,398,Y,178740,2
20,10628,AllPub,5,Tar&Grv,CBlock,Y,1277,1,5,Attchd,526,Y,167000,37
70,9480,AllPub,7,CompShg,CBlock,Y,1644,1,7,Attchd,312,Y,146500,65
20,11428,AllPub,5,CompShg,PConc,Y,1634,1,7,Attchd,866,Y,250000,1
60,9291,AllPub,5,CompShg,PConc,Y,1710,1,7,Attchd,506,Y,187000,15
120,6820,AllPub,5,CompShg,PConc,Y,1502,1,4,Attchd,528,Y,212000,25
60,11952,AllPub,6,WdShake,CBlock,Y,1969,1,8,Attchd,534,Y,190000,30
180,3675,AllPub,5,CompShg,PConc,Y,1072,1,5,Basment,525,Y,148000,3
20,14977,AllPub,5,CompShg,PConc,Y,1976,1,7,Attchd,908,Y,440000,1
120,5330,AllPub,5,CompShg,PConc,Y,1652,1,6,Attchd,499,Y,251000,7
20,8480,AllPub,6,CompShg,CBlock,Y,970,1,5,Detchd,624,Y,132500,44
20,13125,AllPub,5,CompShg,PConc,Y,1493,1,7,Attchd,508,Y,208900,11
60,13693,AllPub,5,CompShg,PConc,Y,2643,1,9,BuiltIn,694,Y,380000,1
20,10637,AllPub,5,CompShg,PConc,Y,1718,1,7,Attchd,826,Y,297000,2
30,5925,AllPub,7,CompShg,BrkTil,Y,1131,1,7,Detchd,672,Y,89471,70
20,16033,AllPub,5,CompShg,PConc,Y,1850,1,8,Attchd,772,Y,326000,2
20,11846,AllPub,5,CompShg,PConc,Y,1792,1,6,Attchd,874,Y,374000,3
70,2500,AllPub,8,CompShg,PConc,Y,1826,1,7,Attchd,164,Y,155000,94
120,4500,AllPub,5,CompShg,PConc,Y,1216,1,5,Attchd,402,Y,164000,8
20,7758,AllPub,7,CompShg,CBlock,Y,999,1,6,Detchd,264,Y,132500,45
20,9600,AllPub,7,CompShg,CBlock,Y,1113,1,5,Attchd,264,Y,147000,59
20,10289,AllPub,7,CompShg,CBlock,Y,1073,1,6,Attchd,515,Y,156000,42
20,12243,AllPub,6,CompShg,CBlock,Y,1484,1,7,Attchd,487,Y,175000,36
190,10800,AllPub,4,CompShg,CBlock,N,2414,2,10,Attchd,520,N,160000,106
180,1526,AllPub,8,CompShg,CBlock,Y,630,1,3,Attchd,286,Y,86000,39
160,2665,AllPub,6,CompShg,PConc,Y,1304,1,4,BuiltIn,336,Y,115000,32
50,9490,AllPub,7,CompShg,CBlock,Y,1578,1,5,Attchd,240,Y,133000,65
60,15578,AllPub,5,CompShg,PConc,Y,1456,1,8,Attchd,429,Y,172785,0
20,7931,AllPub,6,CompShg,CBlock,Y,1269,1,6,Detchd,308,Y,155000,48
30,5784,AllPub,8,CompShg,BrkTil,Y,886,1,4,Attchd,273,Y,91300,71
30,7879,AllPub,5,CompShg,CBlock,N,720,1,4,,0,N,34900,89
20,12692,AllPub,5,CompShg,PConc,Y,3228,1,10,Attchd,546,Y,430000,15
50,9120,AllPub,6,CompShg,PConc,Y,1820,1,8,Detchd,240,N,184000,83
20,7800,AllPub,7,CompShg,PConc,Y,899,1,5,Attchd,288,Y,130000,42
20,7535,AllPub,7,CompShg,CBlock,Y,912,1,5,Attchd,297,Y,120000,49
160,1890,AllPub,5,CompShg,CBlock,Y,1218,1,7,Detchd,264,Y,113000,34
60,9803,AllPub,5,CompShg,PConc,Y,1768,1,7,Attchd,603,Y,226700,3
20,9170,AllPub,7,CompShg,CBlock,Y,1214,1,6,Detchd,461,Y,140000,42
20,15602,AllPub,8,CompShg,CBlock,Y,1801,1,6,Attchd,484,Y,289000,51
160,2308,AllPub,5,CompShg,CBlock,Y,1322,1,6,Attchd,440,Y,147000,35
90,7596,AllPub,5,CompShg,CBlock,Y,1960,2,10,Detchd,400,N,124500,57
60,9554,AllPub,5,CompShg,PConc,Y,1911,1,8,Attchd,471,Y,215000,13
20,7862,AllPub,5,CompShg,PConc,Y,1218,1,4,Attchd,676,Y,208300,0
70,9600,AllPub,9,CompShg,BrkTil,Y,1378,1,7,Detchd,360,N,161000,80
20,9600,AllPub,6,CompShg,CBlock,Y,1041,1,6,Attchd,270,Y,124500,50
20,14559,AllPub,7,CompShg,CBlock,Y,1363,1,6,CarPort,288,Y,164900,58
120,6792,AllPub,5,CompShg,PConc,Y,1368,1,6,Attchd,474,Y,202665,1
20,9100,AllPub,5,CompShg,CBlock,Y,864,1,5,Detchd,624,Y,129900,48
20,9187,AllPub,5,CompShg,PConc,Y,1080,1,5,Attchd,484,Y,134000,24
45,10594,AllPub,5,CompShg,BrkTil,N,789,1,5,Detchd,200,Y,96500,81
20,12220,AllPub,5,CompShg,CBlock,Y,2020,1,9,Attchd,900,Y,402861,0
80,10448,AllPub,6,CompShg,CBlock,Y,2119,1,7,Attchd,583,Y,158000,37
60,10208,AllPub,5,CompShg,PConc,Y,2344,1,7,Attchd,889,Y,265000,13
60,9531,AllPub,5,CompShg,PConc,Y,1796,1,7,Attchd,546,Y,211000,9
70,10918,AllPub,9,CompShg,BrkTil,Y,2080,1,9,Detchd,282,Y,234000,83
190,10800,AllPub,7,CompShg,BrkTil,N,1294,2,7,,0,N,106250,108
20,11988,AllPub,6,CompShg,CBlock,Y,1244,1,6,Attchd,336,Y,150000,50
50,5000,AllPub,7,CompShg,CBlock,Y,1664,1,7,Detchd,420,Y,159000,59
60,40094,AllPub,5,CompShg,PConc,Y,4676,1,11,BuiltIn,884,Y,184750,0
60,11787,AllPub,5,CompShg,PConc,Y,2398,1,8,Attchd,834,Y,315750,11
20,7500,AllPub,5,CompShg,PConc,Y,1266,1,6,Attchd,453,Y,176000,1
20,13300,AllPub,7,CompShg,CBlock,Y,928,1,4,Attchd,252,Y,132000,51
60,14948,AllPub,5,CompShg,PConc,Y,2713,1,11,Attchd,858,Y,446261,0
30,9098,AllPub,7,CompShg,BrkTil,Y,605,1,5,,0,N,86000,87
20,32668,AllPub,3,CompShg,PConc,Y,2515,2,9,Attchd,484,Y,200624,50
80,10200,AllPub,5,CompShg,CBlock,Y,1509,1,5,Attchd,600,Y,175000,20
70,6155,AllPub,8,CompShg,BrkTil,Y,1362,1,6,Detchd,502,Y,128000,88
20,7200,AllPub,7,CompShg,Slab,Y,827,1,5,Detchd,392,Y,107500,55
20,5000,AllPub,3,CompShg,Slab,N,334,1,2,,0,N,39300,61
60,9056,AllPub,5,CompShg,PConc,Y,1414,1,6,Attchd,403,Y,178000,2
190,7000,AllPub,7,CompShg,CBlock,Y,1347,1,5,,0,N,107500,98
60,8924,AllPub,5,CompShg,PConc,Y,1724,1,8,Attchd,527,Y,188000,10
20,12735,AllPub,5,CompShg,CBlock,Y,864,1,5,Detchd,576,Y,111250,36
20,11553,AllPub,5,CompShg,CBlock,Y,1159,1,7,Attchd,336,Y,158000,38
20,11423,AllPub,5,CompShg,PConc,Y,1601,1,6,Attchd,670,Y,272000,9
20,14601,AllPub,5,CompShg,PConc,Y,1838,1,8,Attchd,765,Y,315000,3
60,11000,AllPub,5,CompShg,PConc,Y,2285,1,8,BuiltIn,648,Y,248000,7
20,10140,AllPub,5,CompShg,PConc,Y,1680,1,7,Attchd,583,Y,213250,11
120,4058,AllPub,5,CompShg,PConc,Y,767,1,4,Attchd,367,Y,133000,9
60,17104,AllPub,5,CompShg,PConc,Y,1496,1,7,Attchd,426,Y,179665,0
50,13837,AllPub,5,CompShg,PConc,Y,2183,1,9,Attchd,786,Y,229000,18
50,8737,AllPub,7,CompShg,BrkTil,Y,1635,1,6,Detchd,440,Y,210000,84
85,7244,AllPub,7,CompShg,CBlock,Y,768,1,5,Detchd,624,Y,129500,37
20,8235,AllPub,7,CompShg,CBlock,Y,825,1,4,Detchd,720,Y,125000,53
60,9375,AllPub,5,CompShg,PConc,Y,2094,1,8,BuiltIn,615,Y,263000,6
120,4043,AllPub,6,CompShg,CBlock,Y,1069,1,4,Attchd,440,Y,140000,31
20,6000,AllPub,6,CompShg,CBlock,Y,928,1,5,Attchd,288,Y,112500,51
20,11146,AllPub,5,CompShg,PConc,Y,1717,1,7,Attchd,908,Y,255500,3
20,8777,AllPub,5,CompShg,CBlock,Y,1126,1,5,Detchd,520,N,108000,60
60,10625,AllPub,5,CompShg,PConc,Y,2046,1,8,BuiltIn,871,Y,284000,5
45,6380,AllPub,6,CompShg,BrkTil,Y,1048,1,5,Detchd,280,Y,113000,84
20,14850,AllPub,5,CompShg,CBlock,Y,1092,1,6,Attchd,299,Y,141000,49
50,11040,AllPub,6,CompShg,CBlock,Y,1336,1,7,CarPort,570,Y,108000,86
60,21872,AllPub,5,CompShg,PConc,Y,1446,1,6,Attchd,406,Y,175000,12
120,3196,AllPub,5,CompShg,PConc,Y,1557,1,7,Attchd,420,Y,234000,3
20,11341,AllPub,6,CompShg,CBlock,Y,1392,1,5,Detchd,528,Y,121500,53
20,10010,AllPub,5,CompShg,CBlock,Y,1389,1,6,Attchd,418,Y,170000,32
30,13907,AllPub,6,CompShg,CBlock,Y,996,1,6,,0,Y,108000,68
50,21780,AllPub,7,CompShg,BrkTil,Y,1674,1,8,Detchd,396,N,185000,90
60,13346,AllPub,5,CompShg,PConc,Y,2295,1,9,Attchd,590,Y,268000,14
70,6858,AllPub,4,CompShg,PConc,N,1647,1,6,Detchd,216,Y,128000,95
60,11198,AllPub,5,CompShg,PConc,Y,2504,1,11,BuiltIn,656,Y,325000,3
20,10171,AllPub,5,CompShg,PConc,Y,1535,1,7,Attchd,532,Y,214000,6
50,12327,AllPub,8,CompShg,CBlock,Y,2132,1,5,BuiltIn,612,Y,316600,26
90,7032,AllPub,5,CompShg,CBlock,Y,943,1,4,Detchd,600,Y,135960,27
90,13101,AllPub,5,CompShg,CBlock,Y,1728,2,10,Detchd,576,Y,142600,43
20,7332,AllPub,6,CompShg,CBlock,Y,864,1,4,Attchd,288,Y,120000,47
60,13159,AllPub,5,CompShg,PConc,Y,1692,1,6,Attchd,650,Y,224500,0
80,9967,AllPub,5,CompShg,PConc,Y,1430,1,8,BuiltIn,400,Y,170000,7
80,10500,AllPub,7,CompShg,CBlock,Y,1109,1,5,BuiltIn,288,Y,139000,36
50,8480,AllPub,5,CompShg,CBlock,Y,1216,1,6,Detchd,336,Y,118500,61
50,6292,AllPub,7,CompShg,BrkTil,Y,1477,1,6,Detchd,216,Y,145000,81
80,11777,AllPub,6,CompShg,CBlock,Y,1320,1,6,Attchd,564,Y,164500,40
160,3604,AllPub,5,CompShg,PConc,Y,1392,1,5,Detchd,540,Y,146000,1
50,12150,AllPub,5,CompShg,BrkTil,N,1795,1,7,Attchd,352,Y,131500,54
20,14585,AllPub,6,CompShg,CBlock,Y,1429,1,7,Attchd,572,Y,181900,47
20,12704,AllPub,5,CompShg,PConc,Y,2042,1,8,Attchd,1390,Y,253293,1
90,11841,AllPub,5,CompShg,CBlock,Y,816,1,5,,0,Y,118500,17
75,13500,AllPub,9,CompShg,BrkTil,Y,2775,1,9,Detchd,880,Y,325000,115
50,6120,AllPub,7,CompShg,BrkTil,Y,1573,1,6,Detchd,240,Y,133000,74
20,11443,AllPub,5,CompShg,PConc,Y,2028,1,7,Attchd,880,Y,369900,1
30,10267,AllPub,7,CompShg,BrkTil,Y,838,1,5,Detchd,275,N,130000,90
85,8740,AllPub,6,CompShg,CBlock,Y,860,1,4,Detchd,528,Y,137000,27
20,25095,AllPub,8,Tar&Grv,CBlock,Y,1473,1,5,Attchd,452,Y,143000,41
40,9100,AllPub,6,CompShg,BrkTil,Y,935,1,4,Detchd,308,P,79500,78
60,8320,AllPub,5,CompShg,PConc,Y,1582,1,6,Attchd,520,Y,185900,4
60,13478,AllPub,5,CompShg,PConc,Y,2296,1,10,BuiltIn,842,Y,451950,1
20,6600,AllPub,8,CompShg,PConc,Y,816,1,4,Detchd,816,Y,138000,26
120,4435,AllPub,5,CompShg,PConc,Y,848,1,4,Attchd,420,Y,140000,6
20,7990,AllPub,6,CompShg,CBlock,Y,924,1,5,Detchd,280,Y,110000,33
20,11302,AllPub,5,CompShg,PConc,Y,1826,1,7,Attchd,758,Y,319000,1
70,3600,AllPub,7,CompShg,CBlock,N,1368,1,7,Detchd,216,N,114504,96
120,3922,AllPub,5,CompShg,PConc,Y,1402,1,7,Attchd,648,Y,194201,1
20,12984,AllPub,6,CompShg,CBlock,Y,1647,1,7,Attchd,621,Y,217500,29
160,1950,AllPub,6,CompShg,CBlock,Y,1556,1,6,Attchd,452,Y,151000,28
60,10927,AllPub,5,CompShg,PConc,Y,1904,1,8,BuiltIn,736,Y,275000,1
50,9000,AllPub,6,CompShg,PConc,Y,1375,1,6,Detchd,544,P,141000,70
60,10041,AllPub,5,CompShg,PConc,Y,1915,1,8,Attchd,506,Y,220000,14
160,3182,AllPub,5,CompShg,PConc,Y,1200,1,4,Detchd,480,Y,151000,6
20,12803,AllPub,5,CompShg,PConc,Y,1494,1,6,Attchd,530,Y,221000,6
60,13600,AllPub,6,CompShg,CBlock,Y,1986,1,7,Attchd,486,Y,205000,44
20,12464,AllPub,5,CompShg,PConc,Y,1040,1,6,Detchd,576,Y,152000,13
20,7800,AllPub,8,CompShg,CBlock,Y,2008,1,8,Attchd,230,Y,225000,58
70,12168,AllPub,6,CompShg,PConc,Y,3194,1,10,Basment,380,Y,359100,73
20,7943,AllPub,5,CompShg,CBlock,Y,1029,1,5,Attchd,261,Y,118500,46
60,11050,AllPub,5,CompShg,PConc,Y,2153,1,8,Attchd,736,Y,313000,9
80,10395,AllPub,6,CompShg,CBlock,Y,1032,1,6,Attchd,564,Y,148000,29
60,11885,AllPub,5,CompShg,PConc,Y,1872,1,7,BuiltIn,531,Y,261500,8
20,8402,AllPub,5,CompShg,PConc,Y,1120,1,6,,0,Y,147000,0
180,1491,AllPub,6,CompShg,CBlock,Y,630,1,3,,0,Y,75500,38
85,8800,AllPub,7,CompShg,PConc,Y,1054,1,6,Attchd,480,Y,137500,47
60,7861,AllPub,5,CompShg,PConc,Y,1509,1,7,Attchd,393,Y,183200,4
45,7227,AllPub,6,CompShg,CBlock,Y,832,1,4,Detchd,528,Y,105500,54
20,11694,AllPub,5,CompShg,PConc,Y,1828,1,9,Attchd,774,Y,314813,0
60,12244,AllPub,5,CompShg,PConc,Y,2262,1,10,Attchd,749,Y,305000,5
30,8248,AllPub,3,CompShg,BrkTil,N,864,1,5,,0,N,67000,94
60,10800,AllPub,7,CompShg,CBlock,Y,2614,1,9,Attchd,624,Y,240000,34
20,7064,AllPub,6,CompShg,CBlock,Y,980,1,6,Detchd,484,Y,135000,32
160,2117,AllPub,5,CompShg,PConc,Y,1512,1,4,Detchd,440,Y,168500,7
60,10400,AllPub,5,CompShg,CBlock,Y,1790,1,8,Attchd,484,Y,165150,34
20,10000,AllPub,6,CompShg,CBlock,Y,1116,1,5,Attchd,440,Y,160000,48
20,12342,AllPub,5,CompShg,CBlock,Y,1422,1,6,Attchd,286,Y,139900,47
80,9600,AllPub,6,CompShg,CBlock,Y,1520,1,7,Basment,364,Y,153000,55
60,11606,AllPub,5,CompShg,PConc,Y,2080,1,9,Attchd,504,Y,135000,38
80,9020,AllPub,5,WdShngl,CBlock,Y,1350,1,6,Attchd,520,Y,168500,44
70,9000,AllPub,6,CompShg,BrkTil,Y,1750,1,8,Detchd,240,N,124000,126
120,4590,AllPub,5,CompShg,PConc,Y,1554,1,6,Attchd,627,Y,209500,1
20,11900,AllPub,5,CompShg,CBlock,Y,1411,1,6,Attchd,544,Y,82500,32
20,9250,AllPub,7,CompShg,CBlock,Y,1056,1,6,Attchd,260,Y,139400,53
90,6979,AllPub,5,CompShg,CBlock,Y,1056,2,4,Detchd,576,Y,144000,30
190,10896,AllPub,7,CompShg,CBlock,Y,3395,2,14,,0,N,200000,93
30,6120,AllPub,3,CompShg,BrkTil,N,800,1,4,,0,N,60000,73
190,6000,AllPub,4,CompShg,CBlock,Y,1387,2,7,BuiltIn,256,Y,93000,55
30,8777,AllPub,7,CompShg,CBlock,Y,796,1,4,,0,P,85000,98
120,3982,AllPub,5,CompShg,PConc,Y,1567,1,7,Attchd,648,Y,264561,0
120,12677,AllPub,5,CompShg,PConc,Y,1518,1,6,Attchd,588,Y,274000,5
60,7050,AllPub,5,CompShg,PConc,Y,1929,1,7,Attchd,650,Y,226000,6
80,13860,AllPub,7,CompShg,CBlock,Y,2704,1,9,Attchd,538,Y,345000,37
60,10793,AllPub,5,CompShg,CBlock,Y,1620,1,7,Attchd,462,Y,152000,38
20,9187,AllPub,5,CompShg,PConc,Y,1766,1,7,Attchd,478,Y,370878,0
20,10530,AllPub,5,CompShg,CBlock,Y,981,1,5,Detchd,576,Y,143250,36
20,7200,AllPub,5,CompShg,CBlock,Y,1048,1,7,Detchd,420,Y,98300,58
20,10452,AllPub,5,CompShg,CBlock,Y,1094,1,5,Attchd,495,Y,155000,55
60,7700,AllPub,5,CompShg,CBlock,Y,1839,1,7,Attchd,442,Y,155000,44
180,1936,AllPub,6,CompShg,CBlock,Y,630,1,3,,0,Y,84500,37
60,8125,AllPub,6,CompShg,PConc,Y,1665,1,7,Attchd,562,Y,205950,1
70,9084,AllPub,5,CompShg,CBlock,Y,1510,1,7,Detchd,296,P,108000,69
60,8750,AllPub,5,CompShg,PConc,Y,1716,1,7,Attchd,512,Y,191000,13
50,10320,AllPub,7,CompShg,CBlock,Y,1469,1,7,Detchd,216,Y,135000,102
20,10437,AllPub,6,CompShg,PConc,Y,2113,1,7,Attchd,839,Y,350000,13
160,1680,AllPub,5,CompShg,CBlock,Y,1092,1,6,Detchd,264,Y,88000,39
20,10007,AllPub,7,CompShg,CBlock,Y,1053,1,5,Attchd,312,Y,145500,49
70,7200,AllPub,6,CompShg,BrkTil,Y,1502,1,6,Attchd,270,P,149000,77
50,17503,AllPub,5,CompShg,CBlock,Y,1458,1,6,Attchd,330,Y,97500,62
20,9937,AllPub,7,CompShg,PConc,Y,1486,1,7,Detchd,480,Y,167000,45
60,12384,AllPub,7,CompShg,CBlock,Y,1935,1,7,Attchd,550,Y,197900,31
60,46589,AllPub,7,CompShg,PConc,Y,2448,1,8,Attchd,711,Y,402000,15
20,13560,AllPub,3,CompShg,CBlock,Y,1392,1,5,Attchd,576,Y,110000,41
85,10012,AllPub,5,CompShg,CBlock,Y,1181,1,6,Detchd,588,Y,137500,36
20,20896,AllPub,5,CompShg,PConc,Y,2097,1,8,Attchd,1134,Y,423000,1
60,11194,AllPub,5,CompShg,PConc,Y,1936,1,7,Attchd,504,Y,230500,6
60,18450,AllPub,5,Tar&Grv,CBlock,Y,2380,1,7,CarPort,596,Y,129000,42
20,8125,AllPub,5,CompShg,PConc,Y,1679,1,7,Attchd,575,Y,193500,14
20,14175,AllPub,6,CompShg,CBlock,Y,1437,1,6,Detchd,576,Y,168000,50
30,11600,AllPub,5,CompShg,BrkTil,Y,1180,1,5,Detchd,252,Y,137500,84
60,8633,AllPub,5,CompShg,PConc,Y,1476,1,7,Attchd,540,Y,173500,4
70,6629,AllPub,6,CompShg,BrkTil,N,1369,1,6,Detchd,300,Y,103600,84
20,11250,AllPub,6,CompShg,CBlock,Y,1208,1,6,Attchd,546,Y,165000,29
20,14442,AllPub,7,CompShg,PConc,Y,1839,1,7,Attchd,416,Y,257500,50
20,9200,AllPub,6,CompShg,CBlock,Y,1136,1,5,Attchd,384,Y,140000,43
160,2289,AllPub,6,CompShg,CBlock,Y,1441,1,7,Attchd,440,Y,148500,31
70,9600,AllPub,2,CompShg,BrkTil,N,1774,2,8,2Types,779,N,87000,106
30,9022,AllPub,8,CompShg,BrkTil,Y,792,1,5,Detchd,240,N,109500,85
20,11844,AllPub,5,CompShg,PConc,Y,2046,1,7,Attchd,834,Y,372500,1
20,9945,AllPub,5,CompShg,CBlock,Y,988,1,5,Detchd,572,Y,128500,46
120,8012,AllPub,5,CompShg,CBlock,Y,923,1,5,Attchd,264,Y,143000,30
50,4500,AllPub,5,CompShg,BrkTil,Y,1520,1,6,Detchd,281,Y,159434,77
120,2887,AllPub,5,CompShg,PConc,Y,1291,1,6,Attchd,431,Y,173000,12
20,11248,AllPub,5,CompShg,PConc,Y,1668,1,7,Attchd,702,Y,285000,5
60,16770,AllPub,5,CompShg,PConc,Y,1839,1,7,Attchd,486,Y,221000,12
160,5062,AllPub,5,CompShg,CBlock,Y,2090,1,6,Attchd,577,Y,207500,23
60,10207,AllPub,6,CompShg,PConc,Y,1761,1,7,Attchd,578,Y,227875,0
160,5105,AllPub,5,CompShg,PConc,Y,1102,1,4,Detchd,480,Y,148800,3
20,8089,AllPub,6,CompShg,PConc,Y,1419,1,7,Attchd,567,Y,392000,0
120,7577,AllPub,5,CompShg,PConc,Y,1362,1,6,Attchd,460,Y,194700,2
120,4426,AllPub,5,CompShg,PConc,Y,848,1,3,Attchd,420,Y,141000,4
60,21535,AllPub,6,WdShngl,PConc,Y,4316,1,10,Attchd,832,Y,755000,13
60,26178,AllPub,5,CompShg,PConc,Y,2519,1,9,Attchd,628,Y,335000,17
30,5400,AllPub,6,CompShg,BrkTil,Y,1073,1,4,Detchd,326,Y,108480,85
50,6120,AllPub,6,CompShg,BrkTil,Y,1539,1,5,Detchd,576,Y,141500,73
20,13811,AllPub,6,CompShg,CBlock,Y,1137,1,5,Attchd,551,Y,176000,19
30,6000,AllPub,7,CompShg,CBlock,Y,616,1,4,Detchd,205,Y,89000,85
20,6420,AllPub,7,CompShg,PConc,Y,1148,1,6,Detchd,308,Y,123500,54
20,8450,AllPub,8,CompShg,CBlock,Y,894,1,5,Detchd,336,Y,138500,45
120,4282,AllPub,5,CompShg,PConc,Y,1391,1,5,Attchd,530,Y,196000,4
20,14331,AllPub,5,CompShg,PConc,Y,1800,1,7,Attchd,765,Y,312500,4
20,9600,AllPub,5,CompShg,CBlock,Y,1164,1,6,Attchd,528,Y,140000,37
60,12438,AllPub,5,CompShg,PConc,Y,2576,1,10,BuiltIn,666,Y,361919,0
190,7630,AllPub,9,CompShg,BrkTil,Y,1812,2,8,Detchd,672,N,140000,110
20,8400,AllPub,5,CompShg,PConc,Y,1484,1,7,Attchd,606,Y,213000,6
190,5600,AllPub,5,CompShg,Slab,N,1092,2,7,,0,N,55000,80
20,115149,AllPub,5,CompShg,CBlock,Y,1824,1,5,Attchd,739,Y,302000,36
120,6240,AllPub,5,CompShg,PConc,Y,1324,1,6,Attchd,550,Y,254000,3
60,9018,AllPub,5,CompShg,PConc,Y,1456,1,8,Attchd,400,Y,179540,0
20,7162,AllPub,7,CompShg,PConc,Y,904,1,6,Attchd,408,Y,109900,42
30,4130,AllPub,6,CompShg,CBlock,Y,729,1,5,,0,N,52000,73
50,8712,AllPub,7,CompShg,Stone,Y,1178,1,7,Detchd,384,N,102776,110
120,4671,AllPub,5,CompShg,PConc,Y,1228,1,5,Attchd,472,Y,189000,20
190,9873,AllPub,5,CompShg,CBlock,N,960,1,6,Detchd,576,Y,129000,36
60,13517,AllPub,8,CompShg,CBlock,Y,1479,1,6,Attchd,475,Y,130500,34
20,10140,AllPub,5,CompShg,CBlock,Y,1350,1,7,Attchd,478,Y,165000,35
70,10800,AllPub,8,CompShg,BrkTil,Y,2554,1,8,Detchd,704,P,159500,117
20,10000,AllPub,6,CompShg,CBlock,Y,1178,1,5,Attchd,439,Y,157000,35
60,10542,AllPub,5,CompShg,PConc,Y,2418,1,9,Attchd,983,Y,341000,15
20,9920,AllPub,6,CompShg,CBlock,Y,971,1,5,Attchd,300,Y,128500,37
120,6563,AllPub,5,CompShg,PConc,Y,1742,1,5,Attchd,564,Y,275000,21
120,4426,AllPub,5,CompShg,PConc,Y,848,1,3,Attchd,420,Y,143000,6
20,8120,AllPub,7,CompShg,CBlock,Y,864,1,5,Detchd,463,Y,124500,39
50,8172,AllPub,6,CompShg,PConc,Y,1470,1,7,Detchd,548,Y,135000,54
20,13286,AllPub,5,CompShg,PConc,Y,1698,1,8,Attchd,768,Y,320000,2
20,6960,AllPub,6,CompShg,CBlock,Y,864,1,5,Detchd,660,Y,120500,39
20,21695,AllPub,9,CompShg,CBlock,Y,1680,1,5,Attchd,540,Y,222000,21
20,7314,AllPub,5,CompShg,PConc,Y,1232,1,6,Attchd,632,Y,194500,2
90,11475,AllPub,5,CompShg,CBlock,Y,1776,2,9,Detchd,888,Y,110000,51
30,6240,AllPub,5,CompShg,CBlock,Y,1208,1,5,Detchd,539,Y,103000,84
120,5389,AllPub,5,CompShg,PConc,Y,1616,1,5,Attchd,608,Y,236500,15
80,9590,AllPub,5,CompShg,PConc,Y,1146,1,6,Attchd,438,Y,187500,4
60,11404,AllPub,5,CompShg,PConc,Y,2031,1,8,Attchd,541,Y,222500,10
20,10000,AllPub,6,CompShg,CBlock,Y,1144,1,6,Attchd,264,Y,131400,48
20,8978,AllPub,5,CompShg,PConc,Y,948,1,6,Attchd,300,Y,108000,39
75,10800,AllPub,7,CompShg,BrkTil,N,1768,1,6,Detchd,320,N,163000,92
90,8544,AllPub,4,CompShg,CBlock,N,1040,2,6,Detchd,400,Y,93500,56
60,10463,AllPub,5,CompShg,PConc,Y,1801,1,8,Attchd,800,Y,239900,1
90,10800,AllPub,5,CompShg,CBlock,Y,1200,1,5,,0,Y,179000,22
60,9313,AllPub,5,CompShg,PConc,Y,1728,1,7,Attchd,572,Y,190000,5
70,9600,AllPub,7,CompShg,BrkTil,Y,1432,1,7,Detchd,360,Y,132000,97
20,6768,AllPub,8,CompShg,CBlock,Y,912,1,5,Detchd,288,Y,142000,47
20,8450,AllPub,5,CompShg,PConc,Y,1349,1,6,Attchd,539,Y,179000,7
80,12886,AllPub,6,CompShg,CBlock,Y,1464,1,6,Attchd,480,Y,175000,46
120,5395,AllPub,5,CompShg,PConc,Y,1337,1,5,Attchd,462,Y,180000,15
60,8963,AllPub,9,CompShg,CBlock,Y,2715,1,11,BuiltIn,831,Y,299800,32
60,8795,AllPub,5,CompShg,PConc,Y,2256,1,8,BuiltIn,554,Y,236000,9
70,11700,AllPub,7,CompShg,Stone,N,2640,1,8,Detchd,864,N,265979,129
20,10593,AllPub,5,CompShg,PConc,Y,1720,1,7,Attchd,527,Y,260400,14
50,8405,AllPub,3,CompShg,Slab,N,1529,1,9,Detchd,240,N,98000,64
50,8800,AllPub,7,CompShg,BrkTil,Y,1140,1,7,,0,N,96500,100
60,7750,AllPub,5,CompShg,PConc,Y,1320,1,6,Attchd,400,Y,162000,4
20,9236,AllPub,5,CompShg,PConc,Y,1494,1,6,Attchd,576,Y,217000,9
60,10240,AllPub,5,CompShg,PConc,Y,2098,1,8,Attchd,878,Y,275500,1
20,7930,AllPub,8,CompShg,CBlock,Y,1026,1,5,Detchd,440,Y,156000,40
160,3230,AllPub,5,CompShg,PConc,Y,1471,1,6,Detchd,440,Y,172500,10
60,10769,AllPub,5,CompShg,PConc,Y,1768,1,7,Attchd,578,Y,212000,2
60,11616,AllPub,5,CompShg,CBlock,Y,1386,1,6,Attchd,440,Y,158900,32
160,2280,AllPub,5,CompShg,PConc,Y,1501,1,6,Detchd,440,Y,179400,9
60,12257,AllPub,5,CompShg,PConc,Y,2531,1,9,Attchd,752,Y,290000,12
20,9100,AllPub,6,CompShg,CBlock,Y,864,1,5,Detchd,300,Y,127500,50
30,6911,AllPub,5,CompShg,PConc,Y,1301,1,5,Detchd,440,Y,100000,85
60,8640,AllPub,5,CompShg,PConc,Y,1547,1,7,Attchd,614,Y,215200,1
60,9430,AllPub,5,CompShg,PConc,Y,2365,1,8,Attchd,856,Y,337000,10
120,9549,AllPub,5,CompShg,PConc,Y,1494,1,6,Attchd,481,Y,270000,11
20,14587,AllPub,5,CompShg,PConc,Y,1506,1,6,Attchd,592,Y,264132,0
60,10421,AllPub,5,CompShg,CBlock,Y,1714,1,7,Attchd,496,Y,196500,22
50,12508,AllPub,7,CompShg,CBlock,Y,1750,1,7,Attchd,423,Y,160000,68
20,9100,AllPub,5,CompShg,PConc,Y,1836,1,8,Attchd,484,Y,216837,2
60,53504,AllPub,5,CompShg,PConc,Y,3279,1,12,BuiltIn,841,Y,538000,7
85,7252,AllPub,5,CompShg,CBlock,Y,858,1,5,Detchd,576,Y,134900,27
20,8877,AllPub,5,CompShg,CBlock,Y,1220,1,6,Detchd,396,Y,102000,55
80,7819,AllPub,5,CompShg,CBlock,Y,1117,1,6,Detchd,672,Y,107000,34
20,10150,AllPub,5,CompShg,CBlock,Y,912,1,5,Attchd,275,Y,114500,49
20,14226,AllPub,5,CompShg,PConc,Y,1973,1,9,Attchd,895,Y,395000,1
120,4500,AllPub,5,CompShg,PConc,Y,1204,1,5,Attchd,412,Y,162000,11
20,11210,AllPub,5,CompShg,PConc,Y,1614,1,7,Attchd,865,Y,221500,1
20,13350,AllPub,5,CompShg,CBlock,Y,894,1,5,Attchd,440,Y,142500,32
90,8400,AllPub,5,CompShg,Slab,Y,2020,2,10,Detchd,630,Y,144000,30
90,10530,AllPub,5,CompShg,CBlock,Y,1004,1,4,Attchd,504,Y,135000,29
20,7875,AllPub,5,CompShg,PConc,Y,1253,1,6,Attchd,402,Y,176000,12
60,7153,AllPub,5,CompShg,PConc,Y,1603,1,7,Attchd,484,Y,175900,14
20,16285,AllPub,5,CompShg,PConc,Y,1430,1,6,Attchd,605,Y,187100,8
85,9101,AllPub,6,CompShg,PConc,Y,1110,1,4,Attchd,602,Y,165500,31
75,6300,AllPub,6,CompShg,CBlock,Y,1484,1,9,,0,Y,128000,94
20,9790,AllPub,5,CompShg,CBlock,Y,1342,1,7,Attchd,457,Y,161500,42
50,10800,AllPub,6,CompShg,PConc,Y,1652,1,7,Detchd,416,Y,139000,95
60,10142,AllPub,5,CompShg,PConc,Y,2084,1,8,BuiltIn,618,Y,233000,6
20,6000,AllPub,7,CompShg,CBlock,Y,901,1,4,Detchd,281,Y,107900,54
60,12205,AllPub,8,CompShg,CBlock,Y,2087,1,9,Attchd,444,Y,187500,41
120,3182,AllPub,5,CompShg,PConc,Y,1145,1,5,Attchd,397,Y,160200,4
80,11333,AllPub,5,CompShg,PConc,Y,1062,1,5,Attchd,539,Y,146800,31
60,9920,AllPub,5,CompShg,PConc,Y,2013,1,8,Attchd,455,Y,269790,11
20,9158,AllPub,5,CompShg,PConc,Y,1496,1,7,Attchd,474,Y,225000,0
60,10832,AllPub,5,CompShg,PConc,Y,1895,1,7,Attchd,409,Y,194500,14
60,8400,AllPub,6,CompShg,CBlock,Y,1564,1,7,Attchd,476,Y,171000,30
20,8197,AllPub,5,CompShg,CBlock,Y,1285,1,7,Attchd,528,Y,143500,30
20,7677,AllPub,5,CompShg,CBlock,Y,773,1,4,Attchd,240,Y,110000,55
60,13518,AllPub,5,CompShg,PConc,Y,3140,1,11,BuiltIn,820,Y,485000,1
50,7200,AllPub,7,CompShg,BrkTil,Y,1768,1,7,Detchd,240,Y,175000,70
60,12798,AllPub,5,CompShg,PConc,Y,1688,1,8,Attchd,603,Y,200000,11
30,4800,AllPub,7,CompShg,CBlock,Y,1196,1,5,Detchd,440,Y,109900,91
60,8199,AllPub,5,CompShg,PConc,Y,1456,1,7,Attchd,410,Y,189000,3
60,13891,AllPub,5,CompShg,PConc,Y,2822,1,12,BuiltIn,1020,Y,582933,1
20,9000,AllPub,5,CompShg,CBlock,Y,1128,1,5,Attchd,286,Y,118000,52
20,12274,AllPub,5,CompShg,PConc,Y,1428,1,6,Attchd,554,Y,227680,0
80,9750,AllPub,5,CompShg,PConc,Y,980,1,6,Attchd,384,Y,135500,39
70,21384,AllPub,6,CompShg,CBlock,Y,1576,1,6,Attchd,528,Y,223500,86
80,13400,AllPub,5,CompShg,CBlock,Y,1086,1,6,Attchd,484,Y,159950,40
75,8100,AllPub,5,CompShg,PConc,N,2138,3,11,Detchd,360,N,106000,111
20,10140,AllPub,6,CompShg,CBlock,Y,1309,1,5,Attchd,484,Y,181000,32
120,4438,AllPub,5,CompShg,PConc,Y,848,1,4,Attchd,420,Y,144500,4
20,8712,AllPub,5,CompShg,CBlock,N,1044,1,4,Basment,504,N,55993,58
20,9750,AllPub,6,CompShg,CBlock,Y,1442,1,7,Attchd,301,Y,157900,49
50,8248,AllPub,7,CompShg,BrkTil,Y,1250,1,7,Detchd,280,P,116000,88
20,12137,AllPub,5,CompShg,PConc,Y,1661,1,6,Attchd,598,Y,224900,12
20,11425,AllPub,6,CompShg,CBlock,Y,1008,1,4,Attchd,275,Y,137000,52
20,13265,AllPub,5,CompShg,PConc,Y,1689,1,7,Attchd,857,Y,271000,6
80,8816,AllPub,7,CompShg,CBlock,Y,1052,1,6,Attchd,440,Y,155000,39
120,6371,AllPub,5,CompShg,PConc,Y,1358,1,6,Attchd,484,Y,224000,1
60,7226,AllPub,5,CompShg,PConc,Y,1640,1,6,Attchd,595,Y,183000,5
20,6000,AllPub,4,CompShg,CBlock,N,936,1,4,Detchd,576,Y,93000,56
60,12394,AllPub,5,CompShg,PConc,Y,1733,1,7,BuiltIn,433,Y,225000,4
50,9900,AllPub,7,CompShg,BrkTil,Y,1489,1,7,Detchd,240,Y,139500,69
20,11216,AllPub,5,CompShg,PConc,Y,1489,1,7,Attchd,776,Y,232600,0
20,14803,AllPub,5,CompShg,PConc,Y,2084,1,7,Attchd,1220,Y,385000,1
45,6130,AllPub,6,CompShg,BrkTil,Y,784,1,5,,0,Y,109500,84
20,8529,AllPub,5,CompShg,PConc,Y,1434,1,6,Attchd,527,Y,189000,8
60,28698,AllPub,5,Tar&Grv,PConc,Y,2126,1,7,Attchd,538,Y,185000,42
160,2544,AllPub,5,CompShg,PConc,Y,1223,1,4,Detchd,480,Y,147400,1
20,11900,AllPub,5,CompShg,CBlock,Y,1392,1,6,Attchd,458,Y,166000,51
160,3180,AllPub,5,CompShg,PConc,Y,1200,1,4,Detchd,480,Y,151000,1
60,9548,AllPub,6,CompShg,PConc,Y,1829,1,7,Attchd,613,Y,237000,7
20,10004,AllPub,6,CompShg,CBlock,Y,1516,1,6,Attchd,472,Y,167000,45
20,7875,AllPub,6,CompShg,CBlock,Y,1144,1,6,Attchd,456,Y,139950,47
20,9600,AllPub,7,CompShg,CBlock,Y,1067,1,4,Attchd,436,Y,128000,60
30,8100,AllPub,6,CompShg,BrkTil,Y,1559,1,5,Detchd,812,Y,153500,59
160,1680,AllPub,5,CompShg,CBlock,Y,987,1,5,Detchd,264,Y,100000,35
20,9525,AllPub,6,CompShg,PConc,Y,1099,1,6,Attchd,352,Y,144000,13
50,11767,AllPub,6,CompShg,CBlock,Y,1200,1,6,Detchd,240,Y,130500,62
70,12155,AllPub,8,CompShg,BrkTil,N,1482,1,7,Detchd,400,P,140000,83
70,10440,AllPub,8,CompShg,PConc,Y,1539,1,8,Detchd,686,P,157500,104
80,9020,AllPub,7,CompShg,CBlock,Y,1165,1,6,Attchd,490,Y,174900,42
90,8000,AllPub,4,CompShg,CBlock,N,1800,2,10,,0,Y,141000,46
50,12665,AllPub,8,CompShg,BrkTil,Y,1416,1,7,Detchd,720,Y,153900,93
85,16647,AllPub,5,CompShg,CBlock,Y,1701,1,6,Basment,611,Y,171000,32
60,9317,AllPub,5,CompShg,PConc,Y,1775,1,7,Attchd,425,Y,213000,16
20,15523,AllPub,6,CompShg,CBlock,Y,864,1,5,Attchd,338,Y,133500,37
50,45600,AllPub,8,CompShg,BrkTil,Y,2358,1,10,Detchd,360,Y,240000,100
80,9600,AllPub,7,CompShg,CBlock,Y,1855,1,7,Attchd,512,Y,187000,31
120,4435,AllPub,5,CompShg,PConc,Y,848,1,3,Attchd,420,Y,131500,4
120,3196,AllPub,5,CompShg,PConc,Y,1456,1,7,Attchd,400,Y,215000,3
75,7128,AllPub,5,CompShg,CBlock,Y,1646,1,7,Detchd,240,Y,164000,66
80,12095,AllPub,6,CompShg,CBlock,Y,1445,1,7,Attchd,645,Y,158000,45
20,17920,AllPub,4,CompShg,CBlock,Y,1779,1,6,Attchd,454,Y,170000,51
20,6897,AllPub,8,CompShg,CBlock,Y,1040,1,6,Detchd,260,Y,127000,48
80,10970,AllPub,6,CompShg,CBlock,Y,1026,1,5,Detchd,576,Y,147000,30
60,8125,AllPub,5,CompShg,PConc,Y,1481,1,6,Attchd,343,Y,174000,15
20,10400,AllPub,5,CompShg,CBlock,Y,1370,1,6,Attchd,479,Y,152000,33
60,11029,AllPub,7,CompShg,CBlock,Y,2654,1,9,Attchd,619,Y,250000,38
50,7642,AllPub,8,CompShg,BrkTil,Y,1426,1,7,Detchd,216,Y,189950,89
190,11625,AllPub,4,CompShg,PConc,Y,1039,1,6,Attchd,504,Y,131500,45
20,9672,AllPub,5,CompShg,PConc,Y,1097,1,6,Attchd,480,Y,152000,26
20,7931,AllPub,5,CompShg,CBlock,Y,1148,1,6,Attchd,672,Y,132500,50
20,8640,AllPub,5,CompShg,PConc,Y,1372,1,6,Attchd,529,Y,250580,1
20,8750,AllPub,6,CompShg,CBlock,Y,1002,1,5,Detchd,902,Y,148500,39
20,10656,AllPub,5,CompShg,PConc,Y,1646,1,6,Attchd,870,Y,248900,1
20,6970,AllPub,5,CompShg,CBlock,Y,1120,1,5,Attchd,544,Y,129000,46
60,14762,AllPub,6,CompShg,Slab,Y,2320,1,7,Attchd,672,P,169000,58
60,9938,AllPub,5,CompShg,PConc,Y,1949,1,8,Attchd,574,Y,236000,17
20,6600,AllPub,5,CompShg,CBlock,N,894,1,5,Detchd,308,Y,109500,47
60,8750,AllPub,5,CompShg,PConc,Y,1682,1,7,Attchd,523,Y,200500,12
20,8892,AllPub,7,CompShg,Stone,Y,910,1,5,Attchd,414,Y,116000,55
40,12144,AllPub,7,CompShg,CBlock,Y,1268,1,6,Attchd,288,Y,133000,60
50,5720,AllPub,6,CompShg,CBlock,Y,1131,1,5,Detchd,200,Y,66500,68
60,9000,AllPub,5,CompShg,PConc,Y,2610,1,11,BuiltIn,550,Y,303477,0
20,25286,AllPub,5,CompShg,PConc,Y,1040,1,5,Attchd,648,Y,132250,44
60,8834,AllPub,5,CompShg,PConc,Y,2224,1,10,Attchd,738,Y,350000,5
85,11782,AllPub,7,CompShg,CBlock,Y,1155,1,6,Detchd,576,Y,148000,49
20,7000,AllPub,8,CompShg,CBlock,Y,864,1,6,Attchd,336,Y,136500,31
20,7024,AllPub,5,CompShg,PConc,Y,1090,1,5,Attchd,450,Y,157000,2
50,13758,AllPub,5,CompShg,CBlock,Y,1717,1,7,Attchd,400,Y,187500,17
60,9636,AllPub,5,CompShg,PConc,Y,1593,1,7,BuiltIn,389,Y,178000,17
75,6204,AllPub,5,CompShg,PConc,N,2230,1,10,Detchd,440,Y,118500,94
20,7150,AllPub,5,CompShg,CBlock,Y,892,1,5,Attchd,288,Y,100000,42
120,5119,AllPub,5,CompShg,PConc,Y,1709,1,5,Attchd,506,Y,328900,9
90,8393,AllPub,5,CompShg,CBlock,Y,1712,2,8,Attchd,588,Y,145000,47
50,16466,AllPub,7,CompShg,PConc,Y,1393,1,8,Attchd,300,Y,135500,53
20,15865,AllPub,6,Tar&Grv,PConc,Y,2217,1,8,Attchd,621,Y,268000,37
20,12160,AllPub,4,CompShg,CBlock,Y,1505,1,6,Attchd,505,Y,149500,56
50,8064,AllPub,7,CompShg,CBlock,Y,924,1,6,Detchd,576,Y,122900,58
60,11184,AllPub,5,CompShg,CBlock,Y,1683,1,7,Attchd,440,Y,172500,31
20,8414,AllPub,8,CompShg,CBlock,Y,1068,1,6,Attchd,264,Y,154500,43
20,13284,AllPub,5,CompShg,PConc,Y,1383,1,6,Attchd,354,Y,165000,54
90,7018,AllPub,5,CompShg,Slab,Y,1535,2,8,Attchd,400,Y,118858,30
60,7056,AllPub,5,CompShg,CBlock,Y,1796,1,8,Attchd,483,Y,140000,45
30,8765,AllPub,6,CompShg,BrkTil,N,951,1,6,Detchd,327,Y,106500,70
90,7018,AllPub,5,CompShg,Slab,Y,2240,2,12,Detchd,528,Y,142953,30
20,12919,AllPub,5,CompShg,PConc,Y,2364,1,11,Attchd,820,Y,611657,1
20,6993,AllPub,7,CompShg,CBlock,Y,1236,1,6,Attchd,288,Y,135000,45
20,7340,AllPub,6,CompShg,CBlock,Y,858,1,4,Detchd,684,Y,110000,36
20,8712,AllPub,7,CompShg,CBlock,Y,1306,1,5,Detchd,756,Y,153000,52
60,7875,AllPub,5,CompShg,PConc,Y,1509,1,8,Attchd,393,Y,180000,3
20,14859,AllPub,5,CompShg,PConc,Y,1670,1,7,Attchd,690,Y,240000,0
20,6173,AllPub,6,CompShg,CBlock,Y,902,1,6,Attchd,288,Y,125500,40
20,9920,AllPub,5,CompShg,CBlock,Y,1063,1,6,Attchd,280,Y,128000,56
20,13501,AllPub,5,CompShg,PConc,Y,1636,1,8,Attchd,865,Y,255000,1
50,11500,AllPub,7,CompShg,CBlock,Y,2057,1,6,Attchd,180,Y,250000,70
20,8885,AllPub,5,CompShg,CBlock,Y,902,1,5,Attchd,484,Y,131000,23
60,12589,AllPub,5,CompShg,PConc,Y,1484,1,8,Attchd,390,Y,174000,4
90,11600,AllPub,5,CompShg,CBlock,Y,2274,2,12,Detchd,480,Y,154300,50
20,9286,AllPub,7,CompShg,CBlock,Y,1268,1,5,Detchd,252,Y,143500,32
30,6120,AllPub,7,CompShg,BrkTil,N,1015,1,6,Detchd,450,Y,88000,81
90,6270,AllPub,6,CompShg,CBlock,N,2002,2,8,2Types,871,Y,145000,58
160,3000,AllPub,5,CompShg,PConc,Y,1224,1,4,Detchd,528,Y,173733,0
160,2001,AllPub,5,CompShg,CBlock,Y,1092,1,6,Attchd,286,Y,75000,37
20,9000,AllPub,3,CompShg,CBlock,N,480,1,4,Detchd,308,Y,35311,57
20,17140,AllPub,6,CompShg,CBlock,Y,1229,1,6,Attchd,284,Y,135000,53
60,13125,AllPub,5,CompShg,PConc,Y,2127,1,8,Attchd,833,Y,238000,16
20,11029,AllPub,8,CompShg,CBlock,Y,1414,1,6,Attchd,601,Y,176500,50
60,8462,AllPub,5,CompShg,PConc,Y,1721,1,7,Attchd,471,Y,201000,13
90,8777,AllPub,7,CompShg,CBlock,Y,2200,2,9,,0,N,145900,108
20,10237,AllPub,5,CompShg,PConc,Y,1316,1,6,Attchd,397,Y,169990,1
120,8012,AllPub,5,CompShg,PConc,Y,1617,1,5,Attchd,533,Y,193000,15
20,10240,AllPub,6,CompShg,CBlock,Y,1686,1,7,Attchd,612,Y,207500,26
20,15611,AllPub,6,CompShg,PConc,Y,1126,1,6,Attchd,540,Y,175000,31
60,11999,AllPub,5,CompShg,PConc,Y,2374,1,10,BuiltIn,656,Y,285000,4
60,9900,AllPub,5,CompShg,CBlock,Y,1978,1,9,Attchd,486,Y,176000,40
20,11838,AllPub,5,CompShg,PConc,Y,1788,1,7,Attchd,522,Y,236500,8
60,13006,AllPub,5,CompShg,PConc,Y,2236,1,8,BuiltIn,642,Y,222000,9
20,8925,AllPub,5,CompShg,PConc,Y,1466,1,7,Attchd,610,Y,201000,2
20,9100,AllPub,6,CompShg,CBlock,Y,925,1,5,Detchd,429,Y,117500,44
20,11670,AllPub,5,CompShg,PConc,Y,1905,1,8,Attchd,788,Y,320000,1
20,8487,AllPub,5,CompShg,PConc,Y,1500,1,6,Attchd,570,Y,190000,5
20,27650,AllPub,7,Tar&Grv,CBlock,Y,2069,1,9,Attchd,505,Y,242000,48
30,5825,AllPub,5,CompShg,PConc,Y,747,1,5,Detchd,528,Y,79900,80
20,10083,AllPub,5,CompShg,PConc,Y,1200,1,5,Attchd,555,Y,184900,6
60,9675,AllPub,5,CompShg,PConc,Y,1971,1,8,Attchd,689,Y,253000,4
60,8760,AllPub,5,CompShg,PConc,Y,1962,1,7,Attchd,868,Y,239799,0
70,24090,AllPub,7,CompShg,CBlock,Y,2403,1,10,Attchd,349,Y,244400,70
90,12640,AllPub,5,CompShg,CBlock,Y,1728,2,8,Attchd,574,Y,150900,30
60,8755,AllPub,5,CompShg,PConc,Y,2060,1,8,BuiltIn,390,Y,214000,10
90,7711,AllPub,3,CompShg,PConc,Y,1440,2,8,,0,N,150000,30
90,25000,AllPub,4,CompShg,CBlock,Y,1632,2,8,Attchd,576,P,143000,40
20,14375,NoSeWa,6,CompShg,CBlock,Y,1344,1,7,Basment,525,Y,137500,51
50,8820,AllPub,6,CompShg,BrkTil,Y,1869,1,7,Detchd,456,Y,124900,119
80,8163,AllPub,6,CompShg,CBlock,Y,1144,1,6,Attchd,796,Y,143000,47
20,14536,AllPub,5,CompShg,PConc,Y,1629,1,9,Attchd,808,Y,270000,5
60,14006,AllPub,5,CompShg,PConc,Y,1776,1,7,Attchd,474,Y,192500,4
20,9360,AllPub,7,CompShg,CBlock,Y,1381,1,5,Attchd,676,Y,197500,38
20,7200,AllPub,8,CompShg,CBlock,Y,864,1,5,Detchd,720,Y,129000,57
20,7800,AllPub,5,CompShg,CBlock,Y,965,1,6,Detchd,300,Y,119900,41
85,7200,AllPub,8,CompShg,CBlock,Y,768,1,5,Detchd,396,Y,133900,37
60,11075,AllPub,4,CompShg,CBlock,Y,1968,1,7,Attchd,530,Y,172000,39
90,9400,AllPub,5,Tar&Grv,CBlock,Y,980,0,4,,0,Y,127500,31
90,7136,AllPub,6,CompShg,CBlock,N,1958,2,8,Attchd,492,Y,145000,61
160,1300,AllPub,6,CompShg,CBlock,Y,1229,1,5,Attchd,462,Y,124000,29
20,7420,AllPub,5,CompShg,CBlock,Y,1057,1,6,Detchd,576,Y,132000,45
20,8450,AllPub,5,CompShg,PConc,Y,1337,1,6,Attchd,531,Y,185000,4
160,2572,AllPub,5,CompShg,PConc,Y,1416,1,6,Detchd,484,Y,155000,11
20,7207,AllPub,7,CompShg,CBlock,Y,858,1,4,,0,Y,116500,52
60,12227,AllPub,7,CompShg,CBlock,Y,2872,1,11,Attchd,619,Y,272000,31
160,2308,AllPub,6,CompShg,CBlock,Y,1548,1,7,Detchd,440,Y,155000,31
20,11923,AllPub,5,CompShg,PConc,Y,1800,1,7,Attchd,702,Y,239000,2
60,11316,AllPub,5,CompShg,PConc,Y,1894,1,8,BuiltIn,510,Y,214900,8
60,10237,AllPub,5,CompShg,PConc,Y,1484,1,8,Attchd,393,Y,178900,2
50,9600,AllPub,7,CompShg,BrkTil,Y,1308,1,7,Detchd,256,Y,160000,69
20,7390,AllPub,7,CompShg,CBlock,Y,1098,1,6,Attchd,260,Y,135000,53
50,5925,AllPub,6,CompShg,BrkTil,N,968,1,6,,0,Y,37900,99
190,10382,AllPub,5,CompShg,CBlock,Y,1095,1,6,Attchd,264,Y,140000,48
50,10800,AllPub,4,CompShg,CBlock,N,1192,1,6,,0,Y,135000,57
160,2268,AllPub,5,CompShg,PConc,Y,1626,1,6,BuiltIn,474,Y,173000,6
120,7892,AllPub,5,CompShg,CBlock,Y,918,1,5,Attchd,264,Y,99500,31
20,11639,AllPub,5,CompShg,PConc,Y,1428,1,6,Attchd,480,Y,182000,1
70,11414,AllPub,8,CompShg,BrkTil,N,2019,1,8,Detchd,532,Y,167500,99
160,2651,AllPub,5,CompShg,PConc,Y,1382,1,6,Detchd,490,Y,165000,6
30,5900,AllPub,7,CompShg,PConc,Y,869,1,4,,0,Y,85500,83
120,4274,AllPub,5,CompShg,PConc,Y,1241,1,4,Attchd,569,Y,199900,1
20,9450,AllPub,5,CompShg,CBlock,Y,894,1,5,Detchd,400,Y,110000,53
20,8816,AllPub,6,CompShg,PConc,Y,1121,1,5,Detchd,480,Y,139000,46
85,12122,AllPub,9,CompShg,CBlock,Y,999,1,6,Attchd,588,Y,178400,47
60,12203,AllPub,5,CompShg,PConc,Y,2612,1,8,Attchd,676,Y,336000,11
20,3182,AllPub,5,CompShg,PConc,Y,1266,1,6,Attchd,388,Y,159895,1
60,11250,AllPub,5,CompShg,PConc,Y,2290,1,9,Attchd,779,Y,255900,6
90,10125,AllPub,5,CompShg,CBlock,Y,1734,2,8,Attchd,539,Y,126000,32
190,10880,AllPub,5,CompShg,CBlock,N,1164,1,5,Detchd,240,Y,125000,58
50,5310,AllPub,8,CompShg,CBlock,Y,1635,1,5,Attchd,255,Y,117000,96
20,10159,AllPub,5,CompShg,PConc,Y,1940,1,8,Attchd,606,Y,395192,1
60,12046,AllPub,6,CompShg,CBlock,Y,2030,1,8,Attchd,551,Y,195000,31
60,8125,AllPub,5,CompShg,PConc,Y,1576,1,6,Attchd,614,Y,197000,0
60,9452,AllPub,5,CompShg,PConc,Y,2392,1,7,Attchd,870,Y,348000,9
70,17671,AllPub,9,CompShg,BrkTil,Y,1742,1,8,Attchd,424,P,168000,127
60,9760,AllPub,8,CompShg,CBlock,Y,1851,1,7,Attchd,440,Y,187000,43
60,8846,AllPub,5,CompShg,PConc,Y,1500,1,6,Attchd,564,Y,173900,1
20,12456,AllPub,5,CompShg,PConc,Y,1718,1,7,Attchd,786,Y,337500,3
50,4712,AllPub,7,CompShg,CBlock,Y,1230,1,5,Detchd,305,Y,121600,60
20,10659,AllPub,6,CompShg,CBlock,Y,1050,1,6,Attchd,368,Y,136500,45
20,11717,AllPub,6,CompShg,CBlock,Y,1442,1,6,Attchd,615,Y,185000,39
30,9786,AllPub,4,CompShg,BrkTil,N,1077,1,6,Detchd,210,P,91000,84
20,6762,AllPub,5,CompShg,PConc,Y,1208,1,6,Attchd,632,Y,206000,4
20,10206,AllPub,3,Tar&Grv,Slab,N,944,1,4,Detchd,528,Y,82000,57
30,5400,AllPub,6,CompShg,BrkTil,Y,691,1,4,Detchd,216,N,86000,87
20,11957,AllPub,5,CompShg,PConc,Y,1574,1,7,Attchd,824,Y,232000,2
90,11500,AllPub,6,CompShg,CBlock,Y,1680,2,8,Detchd,528,Y,136905,31
120,3182,AllPub,5,CompShg,PConc,Y,1504,1,7,Attchd,457,Y,181000,4
80,8385,AllPub,8,CompShg,CBlock,Y,985,1,6,Attchd,328,Y,149900,31
20,12155,AllPub,3,CompShg,CBlock,Y,1657,1,7,Attchd,484,Y,163500,37
160,2217,AllPub,4,CompShg,CBlock,Y,1092,1,6,Attchd,286,Y,88000,39
20,12118,AllPub,5,CompShg,PConc,Y,1710,1,7,Attchd,550,Y,240000,5
50,6000,AllPub,5,CompShg,BrkTil,Y,1522,1,7,,0,P,102000,80
50,21286,AllPub,5,CompShg,CBlock,Y,1271,1,7,Attchd,312,Y,135000,60
90,9825,AllPub,5,CompShg,CBlock,N,1664,2,8,,0,Y,100000,45
70,10592,AllPub,7,CompShg,PConc,Y,1502,1,7,Detchd,180,Y,165000,84
30,7200,AllPub,4,CompShg,BrkTil,N,1022,1,4,Detchd,280,Y,85000,99
20,11664,AllPub,5,CompShg,CBlock,Y,1082,1,5,Detchd,240,Y,119200,59
60,8400,AllPub,6,CompShg,PConc,Y,1665,1,6,Attchd,528,Y,227000,8
20,11883,AllPub,5,CompShg,PConc,Y,1504,1,6,Attchd,478,Y,203000,13
120,5814,AllPub,5,CompShg,CBlock,Y,1360,1,4,Attchd,565,Y,187500,25
80,10784,AllPub,5,CompShg,PConc,Y,1472,1,7,Attchd,402,Y,160000,16
120,3013,AllPub,5,CompShg,PConc,Y,1506,1,6,Attchd,440,Y,213490,1
20,7024,AllPub,5,CompShg,PConc,Y,1132,1,5,Attchd,451,Y,176000,3
20,7406,AllPub,5,CompShg,PConc,Y,1220,1,6,Attchd,632,Y,194000,0
50,9439,AllPub,5,CompShg,CBlock,Y,1248,1,6,Detchd,160,Y,87000,77
120,3182,AllPub,5,CompShg,PConc,Y,1504,1,7,Attchd,437,Y,191000,3
20,15498,AllPub,6,WdShake,CBlock,Y,2898,1,10,Attchd,665,Y,287000,32
20,7700,AllPub,5,CompShg,CBlock,Y,882,1,5,Detchd,461,Y,112500,35
20,9300,AllPub,5,CompShg,CBlock,Y,1264,1,6,Attchd,461,Y,167500,50
20,9520,AllPub,5,CompShg,PConc,Y,1646,1,7,Attchd,800,Y,293077,1
50,9492,AllPub,5,CompShg,CBlock,Y,1376,1,6,Attchd,240,Y,105000,66
160,1680,AllPub,7,CompShg,CBlock,Y,1218,1,7,Detchd,264,Y,118000,34
190,7082,AllPub,8,CompShg,PConc,Y,1928,2,10,,0,N,160000,90
75,15863,AllPub,3,CompShg,BrkTil,Y,3082,1,12,Basment,672,Y,197000,89
60,14541,AllPub,7,CompShg,PConc,Y,2520,1,10,Attchd,796,Y,310000,13
20,8125,AllPub,5,CompShg,PConc,Y,1654,1,6,Attchd,900,Y,230000,4
30,6305,AllPub,7,CompShg,PConc,Y,954,1,5,Basment,240,Y,119750,69
20,11500,AllPub,3,CompShg,Slab,N,845,1,5,Detchd,290,N,84000,52
20,12898,AllPub,5,CompShg,PConc,Y,1620,1,6,Attchd,912,Y,315500,2
60,9240,AllPub,5,CompShg,PConc,Y,2263,1,7,BuiltIn,905,Y,287000,7
160,1533,AllPub,6,CompShg,CBlock,Y,1344,1,6,,0,Y,97000,39
180,1477,AllPub,4,CompShg,CBlock,Y,630,1,3,Attchd,286,Y,80000,39
20,13125,AllPub,4,CompShg,CBlock,Y,1803,1,8,Attchd,484,Y,155000,49
60,9130,AllPub,8,CompShg,CBlock,Y,1632,1,7,Attchd,484,Y,173000,42
120,5381,AllPub,5,CompShg,PConc,Y,1306,1,5,Attchd,624,Y,196000,4
60,11839,AllPub,5,CompShg,PConc,Y,2329,1,10,Attchd,514,Y,262280,18
20,9600,AllPub,5,WdShngl,PConc,Y,2524,1,9,Attchd,542,Y,278000,28
20,13680,AllPub,5,CompShg,Slab,Y,1733,1,8,Attchd,452,Y,139600,54
60,16056,AllPub,5,CompShg,PConc,Y,2868,1,11,BuiltIn,716,Y,556581,1
20,9245,AllPub,5,CompShg,PConc,Y,990,1,5,Detchd,672,Y,145000,14
20,21750,AllPub,4,CompShg,Slab,Y,1771,1,9,Attchd,336,Y,115000,49
20,11100,AllPub,7,CompShg,CBlock,Y,930,1,6,Detchd,308,Y,84900,64
20,8993,AllPub,5,CompShg,PConc,Y,1302,1,6,Attchd,436,Y,176485,0
20,11175,AllPub,5,CompShg,PConc,Y,1316,1,6,Attchd,440,Y,200141,0
60,9500,AllPub,6,CompShg,CBlock,Y,1977,1,9,Attchd,540,Y,165000,43
20,8562,AllPub,6,CompShg,CBlock,Y,1526,1,7,Basment,364,Y,144500,53
60,11367,AllPub,5,CompShg,PConc,Y,1989,1,7,Attchd,586,Y,255000,4
20,11361,AllPub,5,CompShg,CBlock,Y,1523,1,7,Attchd,478,Y,180000,32
120,7052,AllPub,5,CompShg,PConc,Y,1364,1,6,Attchd,484,Y,185850,1
60,29959,AllPub,6,CompShg,PConc,Y,1850,1,7,BuiltIn,467,Y,248000,15
60,11308,AllPub,5,CompShg,PConc,Y,2184,1,10,Attchd,836,Y,335000,1
50,11275,AllPub,7,CompShg,CBlock,Y,1991,1,7,Detchd,432,Y,220000,75
120,4920,AllPub,5,CompShg,PConc,Y,1338,1,6,Attchd,582,Y,213500,9
30,18000,AllPub,4,CompShg,CBlock,Y,894,1,6,Detchd,1248,Y,81000,73
190,13600,AllPub,5,CompShg,BrkTil,N,2337,2,10,Detchd,560,Y,90000,107
30,6000,AllPub,6,CompShg,BrkTil,Y,1103,1,5,Detchd,440,Y,110500,81
20,11000,AllPub,6,CompShg,CBlock,Y,1154,1,6,Attchd,480,Y,154000,43
60,14000,AllPub,5,CompShg,PConc,Y,2260,1,7,Attchd,533,Y,328000,14
60,7837,AllPub,7,CompShg,PConc,Y,1571,1,7,Attchd,380,Y,178000,16
60,9760,AllPub,6,CompShg,CBlock,Y,1611,1,7,Attchd,442,Y,167900,44
160,3964,AllPub,4,CompShg,CBlock,Y,2521,1,10,Attchd,576,Y,151400,33
45,9600,AllPub,7,CompShg,CBlock,Y,893,1,4,Detchd,576,Y,135000,58
20,10152,AllPub,5,CompShg,CBlock,Y,1048,1,6,Attchd,286,Y,135000,51
60,11700,AllPub,6,CompShg,CBlock,Y,1556,1,8,Attchd,441,Y,154000,41
50,7585,AllPub,3,CompShg,CBlock,Y,1456,1,7,Detchd,280,P,91500,58
60,7950,AllPub,6,CompShg,CBlock,Y,1426,1,6,Attchd,440,Y,159500,32
20,8556,AllPub,5,CompShg,PConc,Y,1240,1,5,Attchd,826,Y,194000,1
70,13125,AllPub,6,CompShg,CBlock,Y,1740,1,6,Attchd,240,Y,219500,67
50,10800,AllPub,8,CompShg,CBlock,Y,1466,1,7,Attchd,566,Y,170000,70
20,15870,AllPub,5,CompShg,CBlock,Y,1096,1,6,Attchd,299,Y,138800,37
120,4435,AllPub,5,CompShg,PConc,Y,848,1,3,Attchd,420,Y,155900,2
20,8775,AllPub,5,CompShg,PConc,Y,990,1,5,Attchd,299,Y,126000,13
20,11040,AllPub,7,CompShg,CBlock,Y,1258,1,5,Attchd,528,Y,145000,37
20,7500,AllPub,5,CompShg,CBlock,Y,1040,1,5,Attchd,308,Y,133000,47
20,8749,AllPub,5,CompShg,PConc,Y,1459,1,6,Attchd,527,Y,192000,5
20,8800,AllPub,6,CompShg,CBlock,Y,1251,1,6,Attchd,461,Y,160000,42
60,13031,AllPub,5,CompShg,PConc,Y,1498,1,6,Attchd,409,Y,187500,11
85,9069,AllPub,6,CompShg,PConc,Y,996,1,5,Attchd,564,Y,147000,18
160,1974,AllPub,5,CompShg,CBlock,Y,1092,1,6,Attchd,286,Y,83500,37
60,10574,AllPub,5,CompShg,PConc,Y,1953,1,9,Attchd,1043,Y,252000,4
160,2522,AllPub,5,CompShg,PConc,Y,1709,1,7,Detchd,380,Y,137500,2
120,3316,AllPub,5,CompShg,PConc,Y,1247,1,4,Attchd,550,Y,197000,1
90,8544,AllPub,4,CompShg,Slab,N,1040,2,6,Detchd,400,Y,92900,59
160,2160,AllPub,5,CompShg,PConc,Y,1252,1,4,Detchd,462,Y,160000,9
50,8400,AllPub,5,CompShg,PConc,Y,1694,1,7,Detchd,576,Y,136500,83
20,9230,AllPub,8,CompShg,CBlock,Y,1200,1,6,Detchd,884,Y,146000,41
20,5868,AllPub,7,CompShg,CBlock,Y,936,1,4,Attchd,308,Y,129000,54
20,9317,AllPub,5,CompShg,PConc,Y,1314,1,6,Attchd,440,Y,176432,1
70,6882,AllPub,7,CompShg,PConc,Y,1355,1,7,,0,Y,127000,93
120,3696,AllPub,5,CompShg,CBlock,Y,1088,1,5,Attchd,461,Y,170000,21
50,6000,AllPub,6,CompShg,BrkTil,Y,1324,1,6,Detchd,240,Y,128000,73
20,11880,AllPub,5,CompShg,CBlock,Y,1601,1,7,Attchd,478,Y,157000,31
30,8400,AllPub,5,CompShg,CBlock,N,438,1,3,Detchd,246,N,60000,89
20,9758,AllPub,5,CompShg,CBlock,Y,950,1,5,Detchd,280,Y,119500,36
20,7000,AllPub,7,CompShg,CBlock,Y,1134,1,6,Attchd,254,Y,135000,47
20,8910,AllPub,6,CompShg,CBlock,Y,1194,1,6,BuiltIn,539,Y,159500,47
160,2016,AllPub,5,CompShg,CBlock,Y,1302,1,6,Detchd,440,Y,106000,37
60,12256,AllPub,5,CompShg,PConc,Y,2622,1,9,Attchd,712,Y,325000,16
20,10357,AllPub,5,CompShg,PConc,Y,1442,1,6,Attchd,719,Y,179900,17
60,23257,AllPub,5,CompShg,PConc,Y,2021,1,9,BuiltIn,422,Y,274725,0
60,8063,AllPub,5,CompShg,PConc,Y,1690,1,7,Attchd,463,Y,181000,7
20,11362,AllPub,5,CompShg,PConc,Y,1836,1,7,Attchd,862,Y,280000,5
60,8000,AllPub,5,CompShg,PConc,Y,1658,1,8,Attchd,431,Y,188000,13
60,10480,AllPub,6,CompShg,CBlock,Y,1964,1,8,Attchd,483,Y,205000,32
20,7100,AllPub,7,CompShg,CBlock,Y,816,1,5,Detchd,308,Y,129900,49
20,8923,AllPub,7,CompShg,CBlock,Y,1008,1,6,Attchd,240,Y,134500,54
20,5400,AllPub,7,CompShg,CBlock,Y,833,1,4,Detchd,326,Y,117000,52
20,12085,AllPub,5,CompShg,PConc,Y,1734,1,7,Attchd,928,Y,318000,0
80,7750,AllPub,5,CompShg,PConc,Y,1419,1,7,BuiltIn,527,Y,184100,7
20,9764,AllPub,7,CompShg,CBlock,Y,894,1,5,Attchd,450,Y,130000,41
80,13825,AllPub,6,CompShg,CBlock,Y,1601,1,6,BuiltIn,300,Y,140000,50
20,7560,AllPub,5,CompShg,CBlock,Y,1040,1,6,Attchd,286,Y,133700,47
30,8263,AllPub,5,CompShg,BrkTil,Y,1012,1,6,Detchd,308,Y,118400,87
20,10084,AllPub,5,CompShg,PConc,Y,1552,1,7,Attchd,782,Y,212900,1
20,8926,AllPub,3,CompShg,CBlock,Y,960,1,5,Basment,288,Y,112000,53
20,9405,AllPub,9,CompShg,CBlock,Y,698,1,4,,0,Y,118000,62
80,9125,AllPub,5,CompShg,PConc,Y,1482,1,7,Attchd,392,Y,163900,15
20,10434,AllPub,5,CompShg,CBlock,Y,1005,1,5,Detchd,672,Y,115000,54
120,3684,AllPub,5,CompShg,PConc,Y,1555,1,7,Attchd,660,Y,174000,2
20,14572,AllPub,5,CompShg,PConc,Y,1530,1,7,Attchd,630,Y,259000,3
60,11796,AllPub,5,CompShg,PConc,Y,1959,1,8,BuiltIn,434,Y,215000,3
90,7200,AllPub,5,CompShg,CBlock,Y,936,1,4,Detchd,672,Y,140000,27
50,7804,AllPub,3,CompShg,BrkTil,Y,1981,1,7,Detchd,576,Y,135000,81
20,10712,AllPub,5,CompShg,PConc,Y,974,1,5,,0,Y,93500,16
70,9900,AllPub,4,CompShg,BrkTil,Y,2210,1,8,Detchd,205,N,117500,127
60,9828,AllPub,5,CompShg,PConc,Y,2020,1,8,Attchd,466,Y,239500,14
60,8773,AllPub,5,CompShg,PConc,Y,1600,1,7,Attchd,460,Y,169000,10
30,6180,AllPub,5,CompShg,BrkTil,N,986,1,5,Detchd,180,Y,102000,81
50,9600,AllPub,5,CompShg,CBlock,Y,1252,1,6,Attchd,288,Y,119000,58
50,6342,AllPub,8,CompShg,CBlock,N,1020,1,6,,0,N,94000,135
20,9819,AllPub,5,CompShg,PConc,Y,1567,1,5,Attchd,714,Y,196000,32
30,8731,AllPub,5,CompShg,BrkTil,Y,1167,1,6,Detchd,495,Y,144000,87
20,7350,AllPub,7,CompShg,CBlock,Y,952,1,4,Detchd,840,Y,139000,57
60,10304,AllPub,7,CompShg,CBlock,Y,1868,1,9,Attchd,484,Y,197500,33
60,9965,AllPub,5,CompShg,PConc,Y,2828,1,11,BuiltIn,1052,Y,424870,1
20,9000,AllPub,3,CompShg,CBlock,Y,1006,1,5,,0,Y,80000,49
190,12180,AllPub,4,CompShg,BrkTil,N,924,1,5,Detchd,280,Y,80000,69
50,6240,AllPub,6,CompShg,BrkTil,Y,1576,1,8,Detchd,225,Y,149000,78
20,11200,AllPub,5,CompShg,CBlock,Y,1298,1,5,Attchd,403,Y,180000,21
70,12000,AllPub,7,CompShg,CBlock,Y,1564,1,7,Attchd,234,Y,174500,68
50,5700,AllPub,7,CompShg,PConc,Y,1111,1,5,Detchd,288,Y,116900,82
70,9000,AllPub,9,CompShg,PConc,Y,1482,1,7,Detchd,324,Y,143000,89
20,8280,AllPub,5,CompShg,CBlock,Y,932,1,4,Attchd,306,Y,124000,57
20,17755,AllPub,4,CompShg,CBlock,Y,1466,1,6,Attchd,528,Y,149900,47
20,14115,AllPub,7,CompShg,PConc,Y,1811,1,6,Attchd,470,Y,230000,50
30,5890,AllPub,8,CompShg,BrkTil,Y,816,1,5,Detchd,432,Y,120500,78
60,13700,AllPub,6,CompShg,CBlock,Y,1820,1,8,Attchd,492,Y,201800,43
20,10768,AllPub,8,CompShg,CBlock,Y,1437,1,6,Attchd,528,Y,218000,31
80,9350,AllPub,8,CompShg,PConc,Y,1265,1,6,Attchd,502,Y,179900,43
120,5001,AllPub,5,CompShg,PConc,Y,1314,1,6,Attchd,626,Y,230000,2
20,11932,AllPub,5,CompShg,PConc,Y,1580,1,7,Attchd,830,Y,235128,1
60,9120,AllPub,6,CompShg,CBlock,Y,1876,1,8,Attchd,540,Y,185000,34
160,2280,AllPub,5,CompShg,CBlock,Y,1456,1,7,Attchd,440,Y,146000,32
20,14778,AllPub,7,CompShg,CBlock,Y,1640,1,7,Detchd,924,Y,224000,54
20,8724,AllPub,5,CompShg,CBlock,Y,894,1,5,Attchd,450,Y,129000,39
90,12900,AllPub,4,CompShg,CBlock,Y,1258,2,6,CarPort,400,Y,108959,39
80,16157,AllPub,7,CompShg,PConc,Y,1432,1,5,Attchd,588,Y,194000,29
20,9541,AllPub,5,CompShg,PConc,Y,1502,1,7,Attchd,644,Y,233170,0
20,10475,AllPub,5,CompShg,PConc,Y,1694,1,7,Attchd,776,Y,245350,2
60,10852,AllPub,5,CompShg,PConc,Y,1671,1,7,Attchd,472,Y,173000,6
70,13728,AllPub,7,CompShg,CBlock,Y,2108,1,7,Basment,540,Y,235000,73
60,35760,AllPub,5,CompShg,PConc,Y,3627,1,10,Attchd,807,Y,625000,11
80,9880,AllPub,6,CompShg,CBlock,Y,1118,1,6,Attchd,358,Y,171000,31
20,9120,AllPub,6,CompShg,CBlock,Y,1261,1,6,Attchd,433,Y,163000,50
160,4017,AllPub,5,CompShg,PConc,Y,1250,1,5,Detchd,625,Y,171900,2
50,18030,AllPub,6,CompShg,CBlock,Y,3086,1,12,,0,Y,200500,61
70,16560,AllPub,8,CompShg,BrkTil,Y,2345,1,9,Detchd,360,Y,239000,74
50,10678,AllPub,5,CompShg,PConc,Y,2872,1,9,Attchd,541,Y,285000,15
20,6951,AllPub,5,CompShg,CBlock,Y,923,1,5,Attchd,264,Y,119500,24
50,3950,AllPub,8,CompShg,CBlock,Y,1224,1,5,Detchd,210,N,115000,83
50,7681,AllPub,6,CompShg,BrkTil,Y,1343,1,7,Detchd,186,Y,154900,88
20,8335,AllPub,5,CompShg,Slab,Y,1124,1,5,,0,N,93000,52
60,11170,AllPub,5,CompShg,Wood,Y,2514,1,8,Attchd,693,Y,250000,16
120,5587,AllPub,5,CompShg,PConc,Y,1652,1,5,Attchd,482,Y,392500,0
60,15623,AllPub,5,CompShg,PConc,Y,4476,1,10,Attchd,813,Y,745000,11
30,10800,AllPub,6,CompShg,BrkTil,Y,1130,1,5,Detchd,720,Y,120000,86
20,35133,AllPub,4,CompShg,CBlock,Y,1572,1,5,2Types,995,Y,186700,44
50,9738,AllPub,7,CompShg,BrkTil,Y,1221,1,7,Attchd,392,Y,104900,82
190,10615,AllPub,5,CompShg,CBlock,Y,1699,2,7,CarPort,420,Y,95000,109
20,12461,AllPub,5,CompShg,PConc,Y,1624,1,5,Attchd,757,Y,262000,12
60,8935,AllPub,5,CompShg,PConc,Y,1660,1,7,Attchd,493,Y,195000,7
60,7500,AllPub,5,CompShg,PConc,Y,1804,1,7,Attchd,442,Y,189000,11
190,32463,AllPub,4,CompShg,CBlock,Y,1622,1,7,2Types,1356,Y,168000,46
160,2645,AllPub,5,CompShg,PConc,Y,1441,1,5,Detchd,492,Y,174000,8
50,9600,AllPub,8,CompShg,PConc,Y,1472,1,6,Detchd,250,P,125000,82
120,4500,AllPub,5,CompShg,PConc,Y,1224,1,5,Attchd,402,Y,165000,10
60,9364,AllPub,7,CompShg,CBlock,Y,1352,1,7,Attchd,299,Y,158000,41
60,8029,AllPub,5,CompShg,PConc,Y,1456,1,8,Attchd,400,Y,176000,3
60,14054,AllPub,5,CompShg,PConc,Y,1863,1,9,BuiltIn,660,Y,219210,0
75,8850,AllPub,6,CompShg,BrkTil,Y,1690,1,7,Detchd,225,Y,144000,90
20,9100,AllPub,5,CompShg,PConc,Y,1212,1,6,Attchd,573,Y,178000,8
20,11235,AllPub,5,CompShg,CBlock,Y,1382,1,6,Attchd,459,Y,148000,43
20,9353,AllPub,5,CompShg,CBlock,Y,864,1,5,Attchd,280,Y,116050,36
60,10400,AllPub,5,CompShg,PConc,Y,1779,1,6,Attchd,546,Y,197900,11
50,6000,AllPub,8,CompShg,BrkTil,Y,1348,1,5,Detchd,216,N,117000,84
20,9750,AllPub,5,CompShg,PConc,Y,1630,1,6,Attchd,451,Y,213000,9
20,10140,AllPub,6,CompShg,CBlock,Y,1074,1,6,Attchd,495,Y,153500,31
20,14684,AllPub,7,CompShg,CBlock,Y,2196,1,7,Attchd,701,Y,271900,19
20,8900,AllPub,4,CompShg,CBlock,Y,1056,1,5,Detchd,384,Y,107000,40
20,9135,AllPub,5,CompShg,PConc,Y,1700,1,7,Attchd,544,Y,200000,3
20,7763,AllPub,7,CompShg,CBlock,Y,1283,1,6,Detchd,506,Y,140000,46
20,10182,AllPub,5,CompShg,PConc,Y,1660,1,8,Attchd,500,Y,290000,0
60,11218,AllPub,5,CompShg,PConc,Y,1845,1,8,Attchd,462,Y,189000,18
50,12134,AllPub,7,CompShg,Wood,Y,1752,1,8,Basment,492,Y,164000,22
30,9340,AllPub,6,CompShg,CBlock,Y,672,1,4,Attchd,234,N,113000,68
80,10246,AllPub,9,CompShg,CBlock,Y,960,1,3,Attchd,364,Y,145000,41
85,10205,AllPub,5,CompShg,CBlock,Y,999,1,6,Attchd,300,Y,134500,44
20,7094,AllPub,5,CompShg,CBlock,Y,894,1,5,Detchd,384,Y,125000,41
90,8930,AllPub,5,CompShg,Slab,Y,1902,2,8,Attchd,539,Y,112000,32
20,8640,AllPub,5,CompShg,PConc,Y,1314,1,6,Attchd,552,Y,229456,0
50,6240,AllPub,5,CompShg,Slab,N,912,1,3,,0,N,80500,59
160,1680,AllPub,5,CompShg,CBlock,Y,1218,1,7,,0,N,91500,35
20,7800,AllPub,5,CompShg,CBlock,Y,912,1,5,Attchd,288,Y,115000,42
20,8250,AllPub,5,CompShg,CBlock,Y,1211,1,5,Attchd,322,Y,134000,40
50,10496,AllPub,6,CompShg,CBlock,Y,1846,1,7,Attchd,315,Y,143000,58
20,10680,AllPub,3,CompShg,CBlock,N,2136,1,7,Detchd,528,Y,137900,55
60,15384,AllPub,5,CompShg,PConc,Y,1490,1,8,Attchd,388,Y,184000,4
80,10482,AllPub,8,CompShg,CBlock,Y,1138,1,6,Attchd,264,Y,145000,49
60,14598,AllPub,5,CompShg,PConc,Y,1933,1,9,BuiltIn,668,Y,214000,1
20,8872,AllPub,8,CompShg,CBlock,Y,912,1,5,Detchd,576,Y,147000,43
120,8769,AllPub,5,CompShg,PConc,Y,1702,1,7,Attchd,1052,Y,367294,0
80,7910,AllPub,5,CompShg,CBlock,Y,1507,1,7,Basment,404,Y,127000,48
90,18890,AllPub,5,CompShg,CBlock,Y,2620,2,12,BuiltIn,600,N,190000,30
90,7728,AllPub,6,CompShg,CBlock,Y,1190,1,6,Attchd,540,Y,132500,44
90,9842,AllPub,5,CompShg,Slab,Y,1224,2,6,CarPort,462,Y,101800,45
20,12160,AllPub,5,CompShg,CBlock,Y,1188,1,6,Attchd,531,Y,142000,51
70,8525,AllPub,6,CompShg,PConc,N,1964,1,7,,0,N,130000,97
70,13132,AllPub,5,CompShg,BrkTil,Y,1784,1,9,Detchd,180,N,138887,92
160,2628,AllPub,5,CompShg,PConc,Y,1626,1,6,BuiltIn,474,Y,175500,7
60,12393,AllPub,5,CompShg,PConc,Y,1948,1,8,BuiltIn,434,Y,195000,2
20,13072,AllPub,5,CompShg,PConc,Y,1141,1,6,Detchd,484,Y,142500,1
20,9037,AllPub,5,CompShg,PConc,Y,1484,1,6,Attchd,472,Y,265900,1
60,8158,AllPub,5,CompShg,PConc,Y,1768,1,8,Attchd,543,Y,224900,5
20,9849,AllPub,6,CompShg,PConc,Y,1689,1,7,Attchd,954,Y,248328,0
85,10625,AllPub,6,CompShg,CBlock,Y,1173,1,6,Attchd,528,Y,170000,36
20,13891,AllPub,5,CompShg,PConc,Y,2076,1,7,Attchd,850,Y,465000,0
70,11435,AllPub,7,CompShg,PConc,Y,1517,1,7,Detchd,400,Y,230000,77
80,12090,AllPub,7,CompShg,CBlock,Y,1868,1,7,BuiltIn,477,Y,178000,23
60,8125,AllPub,5,CompShg,PConc,Y,1553,1,6,Attchd,615,Y,186500,1
80,12328,AllPub,5,CompShg,CBlock,Y,1034,1,6,Attchd,888,Y,169900,34
75,9600,AllPub,5,CompShg,BrkTil,N,2058,1,8,Detchd,396,P,129500,91
20,7200,AllPub,7,CompShg,CBlock,Y,988,1,6,Attchd,276,Y,119000,57
20,11160,AllPub,5,CompShg,CBlock,Y,2110,1,8,Attchd,522,Y,244000,42
120,3136,AllPub,5,CompShg,PConc,Y,1405,1,6,Attchd,478,Y,171750,3
20,9858,AllPub,6,CompShg,CBlock,Y,874,1,5,Attchd,288,Y,130000,41
60,17542,AllPub,7,CompShg,CBlock,Y,2167,1,9,Attchd,518,Y,294000,33
60,6931,AllPub,5,CompShg,PConc,Y,1656,1,7,BuiltIn,397,Y,165400,5
50,6240,AllPub,6,CompShg,BrkTil,Y,1367,1,6,Detchd,560,Y,127500,76
20,14303,AllPub,5,CompShg,PConc,Y,1987,1,7,Attchd,691,Y,301500,14
30,4060,AllPub,8,CompShg,PConc,Y,864,1,4,,0,Y,99900,87
80,9587,AllPub,5,CompShg,PConc,Y,1166,1,5,Attchd,400,Y,190000,3
20,9750,AllPub,8,CompShg,CBlock,Y,1054,1,6,Attchd,460,Y,151000,39
60,24682,AllPub,5,CompShg,PConc,Y,1675,1,7,BuiltIn,502,Y,181000,10
20,9600,AllPub,6,CompShg,CBlock,Y,1050,1,5,Attchd,338,Y,128900,53
50,11250,AllPub,5,CompShg,CBlock,Y,1788,1,8,Attchd,304,Y,161500,52
70,13515,AllPub,6,CompShg,PConc,Y,1824,1,8,Detchd,520,N,180500,88
120,4060,AllPub,5,CompShg,PConc,Y,1337,1,5,Attchd,511,Y,181000,10
160,3735,AllPub,5,CompShg,PConc,Y,1452,1,6,Detchd,506,Y,183900,7
190,10120,AllPub,4,CompShg,CBlock,N,1889,2,9,Detchd,308,N,122000,97
20,13214,AllPub,5,CompShg,PConc,Y,2018,1,10,Attchd,746,Y,378500,2
50,14100,AllPub,9,CompShg,CBlock,Y,3447,1,11,BuiltIn,1014,Y,381000,73
50,11344,AllPub,5,CompShg,CBlock,Y,1524,1,7,Attchd,315,Y,144000,49
40,23595,AllPub,6,WdShake,PConc,Y,1524,1,4,Attchd,586,Y,260000,31
20,9156,AllPub,7,CompShg,CBlock,Y,1489,1,7,Attchd,462,Y,185750,41
20,13526,AllPub,6,CompShg,CBlock,Y,935,1,5,Attchd,288,Y,137000,41
80,11512,AllPub,7,CompShg,CBlock,Y,1357,1,5,Basment,312,Y,177000,49
50,5362,AllPub,6,CompShg,PConc,Y,1250,1,8,Detchd,552,Y,139000,97
90,11345,AllPub,5,Roll,CBlock,Y,1920,2,10,Detchd,400,Y,137000,59
60,12936,AllPub,6,CompShg,CBlock,Y,1395,1,6,Attchd,497,Y,162000,37
80,17871,AllPub,5,CompShg,CBlock,Y,1724,1,7,Attchd,480,Y,197900,42
60,9473,AllPub,5,CompShg,PConc,Y,2031,1,7,Attchd,577,Y,237000,6
50,7500,AllPub,4,CompShg,CBlock,Y,1128,1,6,Detchd,528,Y,68400,90
20,9808,AllPub,5,CompShg,PConc,Y,1573,1,6,Attchd,544,Y,227000,7
20,8049,AllPub,5,CompShg,CBlock,Y,1339,1,6,Attchd,484,Y,180000,16
20,8800,AllPub,7,CompShg,CBlock,Y,1040,1,5,Detchd,484,Y,150500,32
90,9400,AllPub,5,CompShg,CBlock,Y,1824,2,8,,0,Y,139000,39
50,9638,AllPub,7,CompShg,PConc,Y,2447,1,10,Detchd,336,Y,169000,91
50,6000,AllPub,6,CompShg,CBlock,Y,1412,1,6,Detchd,280,Y,132500,70
20,9790,AllPub,5,CompShg,CBlock,Y,1328,1,6,Attchd,528,Y,143000,47
20,36500,AllPub,5,CompShg,CBlock,Y,1582,1,7,Attchd,390,N,190000,42
120,5664,AllPub,5,CompShg,PConc,Y,1659,1,5,Attchd,499,Y,278000,9
60,11065,AllPub,5,CompShg,PConc,Y,1970,1,8,BuiltIn,753,Y,281000,0
80,14112,AllPub,7,CompShg,PConc,Y,1152,1,6,Attchd,484,Y,180500,46
160,1680,AllPub,7,CompShg,CBlock,Y,1302,1,6,Detchd,264,Y,119500,37
70,6600,AllPub,4,CompShg,Stone,N,2372,2,11,Attchd,432,Y,107500,117
60,10140,AllPub,5,CompShg,PConc,Y,1664,1,8,Attchd,528,Y,162900,30
20,8172,AllPub,7,CompShg,CBlock,Y,864,1,5,Detchd,572,N,115000,51
20,8400,AllPub,5,CompShg,CBlock,Y,1052,1,5,Attchd,288,Y,138500,38
20,8700,AllPub,6,CompShg,CBlock,Y,1128,1,6,Attchd,525,Y,155000,45
180,3675,AllPub,5,CompShg,PConc,Y,1072,1,5,Basment,525,Y,140000,1
60,63887,AllPub,5,ClyTile,PConc,Y,5642,1,12,Attchd,1418,Y,160000,0
20,7500,AllPub,7,CompShg,CBlock,Y,1246,1,6,Attchd,305,Y,154000,51
60,10762,AllPub,5,CompShg,PConc,Y,1983,1,9,Attchd,490,Y,225000,10
70,7500,AllPub,7,CompShg,CBlock,Y,1494,1,7,Attchd,213,P,177500,67
60,10120,AllPub,5,CompShg,PConc,Y,2526,1,8,Attchd,844,Y,290000,12
20,8688,AllPub,5,CompShg,PConc,Y,1616,1,7,Attchd,834,Y,232000,1
160,3363,AllPub,5,CompShg,PConc,Y,1708,1,7,Detchd,380,Y,130000,2
20,13173,AllPub,5,CompShg,PConc,Y,1652,1,6,Attchd,840,Y,325000,3
120,6955,AllPub,5,CompShg,PConc,Y,1368,1,6,Attchd,474,Y,202500,1
20,8072,AllPub,5,CompShg,PConc,Y,990,1,5,Detchd,480,Y,138000,15
20,12000,AllPub,7,CompShg,CBlock,Y,1122,1,6,Attchd,528,Y,147000,60
20,7153,AllPub,5,CompShg,CBlock,Y,1294,1,6,Attchd,496,Y,179200,17
20,17500,AllPub,8,CompShg,PConc,Y,1902,1,7,Attchd,567,Y,335000,51
20,8814,AllPub,5,CompShg,PConc,Y,1274,1,6,Attchd,508,Y,203000,2
60,9572,AllPub,5,CompShg,PConc,Y,2810,1,9,Attchd,750,Y,302000,17
60,14774,AllPub,5,CompShg,PConc,Y,2599,1,10,BuiltIn,779,Y,333168,11
20,8190,AllPub,6,CompShg,CBlock,Y,948,1,5,Detchd,280,Y,119000,53
60,11075,AllPub,5,CompShg,CBlock,Y,2112,1,9,Attchd,576,Y,206900,39
20,10226,AllPub,5,CompShg,PConc,Y,1630,1,8,Attchd,860,Y,295493,1
120,4230,AllPub,5,CompShg,PConc,Y,1352,1,5,Attchd,466,Y,208900,1
20,14781,AllPub,5,CompShg,PConc,Y,1787,1,7,Attchd,748,Y,275000,5
20,10215,AllPub,5,CompShg,PConc,Y,948,1,5,Attchd,248,Y,111000,53
20,8400,AllPub,3,CompShg,CBlock,Y,1478,1,6,Attchd,442,Y,156500,52
20,6627,AllPub,6,CompShg,CBlock,N,720,1,4,Detchd,287,Y,72500,59
60,10186,AllPub,5,CompShg,PConc,Y,1923,1,8,Attchd,564,Y,190000,18
30,5330,AllPub,7,CompShg,CBlock,Y,708,1,5,,0,Y,82500,69
20,9986,AllPub,5,CompShg,PConc,Y,1795,1,7,Attchd,895,Y,147000,1
30,3636,AllPub,4,CompShg,BrkTil,N,796,1,5,,0,N,55000,86
30,4270,AllPub,6,CompShg,BrkTil,Y,774,1,6,,0,Y,79000,76
20,6600,AllPub,9,CompShg,CBlock,Y,816,1,5,Attchd,264,Y,130500,26
50,10440,AllPub,7,CompShg,BrkTil,Y,2792,1,8,Detchd,520,Y,256000,88
60,9084,AllPub,5,CompShg,PConc,Y,1632,1,8,Attchd,462,Y,176500,8
20,10000,AllPub,5,CompShg,PConc,Y,1588,1,7,Attchd,825,Y,227000,1
80,10780,AllPub,5,CompShg,CBlock,Y,954,1,6,Detchd,576,Y,132500,30
20,8877,AllPub,6,CompShg,CBlock,Y,816,1,3,Detchd,288,Y,100000,71
50,7200,AllPub,6,CompShg,CBlock,Y,1360,1,6,Detchd,297,Y,125500,68
160,2368,AllPub,6,CompShg,CBlock,Y,1365,1,7,Attchd,440,Y,125000,39
20,9650,AllPub,5,CompShg,CBlock,Y,1334,1,6,Attchd,630,Y,167900,32
90,9246,AllPub,5,CompShg,CBlock,Y,1656,2,8,Detchd,506,Y,135000,35
30,4118,AllPub,4,CompShg,CBlock,N,693,1,4,,0,N,52500,65
60,13450,AllPub,5,CompShg,PConc,Y,1861,1,8,BuiltIn,492,Y,200000,4
20,9560,AllPub,7,CompShg,CBlock,Y,864,1,5,Attchd,288,Y,128500,34
20,8294,AllPub,5,CompShg,CBlock,Y,872,1,5,Detchd,480,Y,123000,36
20,13695,AllPub,5,CompShg,PConc,Y,1114,1,6,Detchd,576,Y,155000,5
60,9375,AllPub,5,CompShg,PConc,Y,2169,1,7,Attchd,647,Y,228500,5
50,7558,AllPub,6,CompShg,BrkTil,Y,1913,1,9,Detchd,342,Y,177000,81
60,11103,AllPub,5,CompShg,PConc,Y,1456,1,8,Attchd,440,Y,155835,1
30,6000,AllPub,4,CompShg,PConc,Y,960,1,5,Detchd,308,Y,108500,87
20,20781,AllPub,7,CompShg,CBlock,Y,2156,1,9,Attchd,508,Y,262500,38
20,15306,AllPub,5,CompShg,PConc,Y,1776,1,7,Attchd,712,Y,283463,1
20,16196,AllPub,5,CompShg,PConc,Y,1494,1,5,Attchd,514,Y,215000,9
70,5250,AllPub,5,CompShg,BrkTil,N,2358,1,8,,0,Y,122000,136
90,11643,AllPub,5,CompShg,CBlock,Y,2634,2,12,Detchd,968,Y,200000,40
60,9247,AllPub,6,CompShg,CBlock,Y,1716,1,8,Attchd,490,Y,171000,46
50,6000,AllPub,9,CompShg,BrkTil,Y,1176,1,4,Detchd,624,N,134900,72
50,14720,AllPub,5,CompShg,PConc,Y,3238,1,9,Attchd,666,Y,410000,15
60,10316,AllPub,5,CompShg,PConc,Y,1865,1,7,Attchd,839,Y,235000,8
80,10192,AllPub,6,CompShg,CBlock,Y,1920,1,8,Attchd,487,Y,170000,38
20,9477,AllPub,5,CompShg,CBlock,Y,892,1,5,Attchd,264,Y,110000,42
20,12537,AllPub,6,CompShg,CBlock,Y,1078,1,6,Attchd,500,Y,149900,39
160,2117,AllPub,5,CompShg,PConc,Y,1573,1,5,Detchd,440,Y,177500,10
20,16737,AllPub,5,CompShg,PConc,Y,1980,1,8,Attchd,770,Y,315000,2
70,9842,AllPub,6,CompShg,BrkTil,Y,2601,1,8,BuiltIn,621,Y,189000,87
20,16158,AllPub,5,CompShg,PConc,Y,1530,1,7,Attchd,430,Y,260000,4
50,12513,AllPub,4,CompShg,BrkTil,Y,1738,1,7,Attchd,368,Y,104900,89
60,8499,AllPub,5,CompShg,PConc,Y,1412,1,6,BuiltIn,432,Y,156932,1
160,3180,AllPub,5,CompShg,PConc,Y,1200,1,4,Detchd,480,Y,144152,1
60,7500,AllPub,5,CompShg,PConc,Y,1674,1,7,Attchd,663,Y,216000,10
60,9179,AllPub,5,CompShg,PConc,Y,1790,1,7,Attchd,588,Y,193000,9
160,2665,AllPub,6,CompShg,PConc,Y,1475,1,6,Attchd,336,Y,127000,29
120,4435,AllPub,5,CompShg,PConc,Y,848,1,4,Attchd,420,Y,144000,6
20,10635,AllPub,5,CompShg,PConc,Y,1668,1,8,Attchd,502,Y,232000,7
50,5400,AllPub,6,CompShg,PConc,Y,1374,1,6,Detchd,338,Y,105000,89
80,9600,AllPub,6,CompShg,CBlock,Y,1661,1,8,BuiltIn,377,Y,165500,53
60,9750,AllPub,6,CompShg,PConc,Y,2097,1,8,Detchd,583,Y,274300,8
20,11400,AllPub,5,CompShg,PConc,Y,2633,1,8,Attchd,804,Y,466500,6
60,10625,AllPub,5,CompShg,PConc,Y,1958,1,9,Attchd,936,Y,250000,3
20,10991,AllPub,5,CompShg,PConc,Y,1571,1,7,Attchd,722,Y,239000,0
30,6292,AllPub,5,CompShg,BrkTil,N,790,1,4,Detchd,160,Y,91000,78
50,10998,AllPub,5,CompShg,CBlock,Y,1604,1,6,Detchd,660,Y,117000,68
160,1953,AllPub,5,CompShg,CBlock,Y,987,1,5,Detchd,264,Y,83000,33
80,9735,AllPub,5,CompShg,PConc,Y,1394,1,7,BuiltIn,400,Y,167500,2
30,8212,AllPub,3,CompShg,BrkTil,N,864,1,5,Detchd,200,Y,58500,96
20,12925,AllPub,7,CompShg,CBlock,Y,2117,1,7,Attchd,550,Y,237500,38
70,7200,AllPub,7,CompShg,BrkTil,Y,1762,1,8,Detchd,576,N,157000,86
30,25339,AllPub,7,CompShg,BrkTil,Y,1416,1,7,Attchd,576,N,112000,89
50,9060,AllPub,5,CompShg,BrkTil,Y,1258,1,6,Detchd,280,P,105000,70
50,5436,AllPub,8,CompShg,BrkTil,Y,1154,1,7,Detchd,240,N,125500,88
60,16692,AllPub,5,CompShg,CBlock,Y,2784,1,12,Attchd,564,Y,250000,28
50,8520,AllPub,7,CompShg,BrkTil,N,2526,1,10,Detchd,216,Y,136000,91
20,14892,AllPub,5,CompShg,PConc,Y,1746,1,7,Attchd,758,Y,377500,3
50,6000,AllPub,6,CompShg,BrkTil,Y,1218,1,6,Detchd,440,Y,131000,66
20,9100,AllPub,5,CompShg,PConc,Y,1525,1,6,Attchd,541,Y,235000,6
90,8944,AllPub,5,CompShg,CBlock,Y,1584,2,8,Detchd,792,Y,124000,42
85,7838,AllPub,5,CompShg,CBlock,Y,900,1,6,Attchd,288,Y,123000,39
190,10800,AllPub,7,CompShg,BrkTil,N,1912,2,7,Detchd,672,Y,163000,103
120,4045,AllPub,5,CompShg,PConc,Y,1500,1,6,Attchd,648,Y,246578,0
60,12665,AllPub,5,CompShg,PConc,Y,2482,1,9,BuiltIn,642,Y,281213,2
20,57200,AllPub,5,CompShg,CBlock,Y,1687,1,7,Detchd,572,N,160000,62
70,6120,AllPub,8,CompShg,BrkTil,Y,1513,1,8,Detchd,180,N,137500,87
50,7200,AllPub,4,CompShg,CBlock,Y,1904,1,7,Attchd,240,Y,138000,59
50,6171,AllPub,6,CompShg,BrkTil,Y,1608,1,7,Detchd,216,Y,137450,84
50,6000,AllPub,7,CompShg,BrkTil,Y,1158,1,5,BuiltIn,208,Y,120000,79
60,7415,AllPub,5,CompShg,PConc,Y,1593,1,8,Attchd,398,Y,193000,4
20,6762,AllPub,5,CompShg,PConc,Y,1294,1,6,Attchd,662,Y,193879,0
20,15256,AllPub,5,CompShg,PConc,Y,1464,1,6,Attchd,754,Y,282922,0
50,10410,AllPub,4,CompShg,PConc,Y,1214,1,6,Detchd,936,Y,105000,91
120,3842,AllPub,5,CompShg,PConc,Y,1646,1,5,Attchd,482,Y,275000,4
85,8445,AllPub,7,CompShg,CBlock,Y,768,1,5,Detchd,396,Y,133000,37
20,8780,AllPub,5,CompShg,CBlock,Y,833,1,5,,0,Y,112000,24
70,7740,AllPub,7,CompShg,CBlock,Y,1363,1,6,Detchd,528,Y,125500,100
60,20544,AllPub,6,CompShg,CBlock,Y,2093,1,7,Attchd,542,Y,215000,22
60,12420,AllPub,5,CompShg,PConc,Y,1840,1,6,Attchd,622,Y,230000,8
50,9600,AllPub,8,CompShg,CBlock,Y,1668,1,6,Attchd,271,Y,140000,59
90,7200,AllPub,5,CompShg,Slab,N,1040,2,6,Detchd,420,Y,90000,60
20,10994,AllPub,5,CompShg,PConc,Y,1844,1,7,Attchd,620,Y,257000,4
50,13053,AllPub,7,CompShg,BrkTil,Y,1848,1,8,Detchd,370,N,207000,85
120,3635,AllPub,5,CompShg,PConc,Y,1569,1,7,Attchd,660,Y,175900,2
190,11340,AllPub,6,CompShg,PConc,Y,2290,2,11,Detchd,560,N,122500,125
60,16545,AllPub,5,CompShg,PConc,Y,2450,1,7,Attchd,1069,Y,340000,11
20,9204,AllPub,5,CompShg,CBlock,Y,1144,1,6,Detchd,336,Y,124000,45
20,16381,AllPub,5,CompShg,CBlock,Y,1844,1,7,Attchd,540,Y,223000,37
60,11700,AllPub,6,CompShg,CBlock,Y,1416,1,7,Attchd,776,Y,179900,38
120,4043,AllPub,5,CompShg,CBlock,Y,1069,1,4,Attchd,440,Y,127500,33
120,4435,AllPub,5,CompShg,PConc,Y,848,1,3,Attchd,420,Y,136500,5
80,19690,AllPub,7,Tar&Grv,CBlock,Y,2201,1,8,Attchd,432,Y,274970,40
20,9503,AllPub,5,CompShg,CBlock,Y,1344,1,6,Detchd,484,Y,144000,49
20,10721,AllPub,6,CompShg,CBlock,Y,1252,1,7,Detchd,528,Y,142000,49
60,10944,AllPub,5,CompShg,PConc,Y,2127,1,5,Attchd,525,Y,271000,14
50,10930,AllPub,6,CompShg,CBlock,Y,1558,1,6,Attchd,288,Y,140000,63
30,7200,AllPub,7,CompShg,CBlock,Y,804,1,4,Attchd,240,Y,119000,70
20,12546,AllPub,7,CompShg,CBlock,Y,1440,1,7,Attchd,467,Y,182900,26
60,21930,AllPub,5,CompShg,PConc,Y,1838,1,7,BuiltIn,372,Y,192140,1
120,4928,AllPub,6,CompShg,CBlock,Y,958,1,5,Attchd,440,Y,143750,33
30,10800,AllPub,6,CompShg,BrkTil,Y,968,1,5,Detchd,216,Y,64500,80
60,10261,AllPub,5,CompShg,PConc,Y,1792,1,8,Attchd,451,Y,186500,8
20,17400,AllPub,5,CompShg,CBlock,Y,1126,1,5,Attchd,484,P,160000,29
20,8400,AllPub,9,CompShg,CBlock,Y,1537,1,7,Attchd,462,Y,174000,46
20,9000,AllPub,6,CompShg,PConc,Y,864,1,5,Detchd,528,Y,120500,36
20,12444,AllPub,5,CompShg,PConc,Y,1932,1,7,Attchd,774,Y,394617,0
20,7407,AllPub,7,CompShg,CBlock,Y,1236,1,6,Attchd,923,Y,149700,53
60,11584,AllPub,6,CompShg,CBlock,Y,1725,1,6,Attchd,550,Y,197000,28
70,11526,AllPub,7,CompShg,BrkTil,Y,2555,1,11,Detchd,672,Y,191000,86
120,4426,AllPub,5,CompShg,PConc,Y,848,1,3,Attchd,420,Y,149300,4
60,11003,AllPub,5,CompShg,PConc,Y,2007,1,10,Attchd,812,Y,310000,1
30,8854,AllPub,6,CompShg,BrkTil,N,952,1,4,Detchd,192,P,121000,93
20,8500,AllPub,5,CompShg,PConc,Y,1422,1,7,Attchd,626,Y,179600,3
85,8400,AllPub,5,CompShg,CBlock,Y,913,1,6,Detchd,240,Y,129000,41
20,26142,AllPub,7,CompShg,CBlock,Y,1188,1,6,Attchd,312,P,157900,48
60,10000,AllPub,5,CompShg,PConc,Y,2090,1,8,Attchd,556,Y,240000,12
50,11767,AllPub,7,CompShg,CBlock,N,1346,1,6,Detchd,384,Y,112000,97
180,1533,AllPub,7,CompShg,CBlock,Y,630,1,3,,0,Y,92000,36
90,9000,AllPub,5,CompShg,CBlock,Y,1792,2,8,,0,Y,136000,35
20,9262,AllPub,5,CompShg,PConc,Y,1578,1,7,Attchd,840,Y,287090,1
180,3675,AllPub,5,CompShg,PConc,Y,1072,1,5,Basment,525,Y,145000,1
20,17217,AllPub,5,CompShg,PConc,Y,1140,1,6,,0,Y,84500,0
20,7500,AllPub,5,CompShg,PConc,Y,1221,1,6,Attchd,400,Y,185000,5
60,7917,AllPub,5,CompShg,PConc,Y,1647,1,7,Attchd,460,Y,175000,8
20,13175,AllPub,6,CompShg,CBlock,Y,2073,1,7,Attchd,500,Y,210000,32
70,9042,AllPub,9,CompShg,Stone,Y,2340,1,9,Attchd,252,Y,266500,69
20,9717,AllPub,6,CompShg,CBlock,Y,1078,1,5,Attchd,240,Y,142125,60
20,9937,AllPub,6,CompShg,CBlock,Y,1256,1,6,Attchd,276,Y,147500,43
